Time (Days),Brightness (solar luminosities),Brightness uncertainty (solar luminosities),,Star Mass (solar masses),1.856
62.19342,11.87357034,1.9E-4,,Star Radius (solar radii),1.718
62.20856,11.87357067,1.9E-4
62.22370,11.87357960,1.9E-4
62.23884,11.87357227,1.7E-4
62.25398,11.87352168,1.8E-4
62.26912,11.87358324,1.9E-4
62.28426,11.87351832,1.6E-4
62.29940,11.87357090,1.7E-4
62.31454,11.87351658,1.8E-4
62.32968,11.87359761,1.7E-4
62.34481,11.87349991,1.9E-4
62.35995,11.87357609,1.8E-4
62.37509,11.87342349,1.6E-4
62.39023,11.87348849,1.7E-4
62.40537,11.87347180,1.9E-4
62.42051,11.87346247,1.7E-4
62.43565,11.87343617,1.6E-4
62.45079,11.87349007,1.7E-4
62.46593,11.87349944,1.8E-4
62.48107,11.87344795,1.8E-4
62.49621,11.87349080,1.9E-4
62.51135,11.87349492,1.9E-4
62.52649,11.87344282,1.8E-4
62.54163,11.87349047,1.7E-4
62.55677,11.87350769,1.7E-4
62.57191,11.87340126,1.9E-4
62.58705,11.87334149,1.6E-4
62.60219,11.87349602,1.8E-4
62.61733,11.87348507,1.7E-4
62.63247,11.87344644,1.6E-4
62.64761,11.87346008,1.9E-4
62.66275,11.87350080,1.6E-4
62.67789,11.87348379,1.9E-4
62.69303,11.87347456,1.9E-4
62.70817,11.87352521,1.7E-4
62.72331,11.87345221,1.6E-4
62.73845,11.87350895,1.8E-4
62.75359,11.87340787,1.8E-4
62.76873,11.87346345,1.7E-4
62.78387,11.87341348,1.9E-4
62.79901,11.87342601,1.9E-4
62.81415,11.87343898,1.6E-4
62.82929,11.87349200,1.7E-4
62.84443,11.87354080,1.6E-4
62.85957,11.87348357,1.9E-4
62.87471,11.87351004,1.8E-4
62.88985,11.87351281,1.6E-4
62.90499,11.87348874,1.8E-4
62.92013,11.87345052,1.6E-4
62.93527,11.87346773,1.7E-4
62.95041,11.87348618,1.9E-4
62.96555,11.87346464,1.6E-4
62.98069,11.87343057,1.6E-4
62.99583,11.87341371,1.7E-4
63.01097,11.87352487,1.9E-4
63.02611,11.87349345,1.6E-4
63.04125,11.87350528,1.6E-4
63.05639,11.87354720,1.6E-4
63.07153,11.87348205,1.6E-4
63.08667,11.87343448,1.9E-4
63.10181,11.87344168,1.7E-4
63.11695,11.87352112,1.6E-4
63.13209,11.87342865,1.8E-4
63.14723,11.87346440,1.8E-4
63.16237,11.87349322,1.6E-4
63.17751,11.87345352,1.7E-4
63.19265,11.87347341,1.7E-4
63.20779,11.87345942,1.7E-4
63.22293,11.87344453,1.9E-4
63.23807,11.87345908,1.8E-4
63.25321,11.87343007,1.7E-4
63.26835,11.87348943,1.8E-4
63.28349,11.87345368,1.6E-4
63.29863,11.87342354,1.6E-4
63.31377,11.87354445,1.9E-4
63.32891,11.87348796,1.9E-4
63.34405,11.87345876,1.8E-4
63.35919,11.87350031,1.6E-4
63.37433,11.87348523,1.7E-4
63.38947,11.87345530,1.9E-4
63.40461,11.87349961,1.6E-4
63.41974,11.87348977,1.9E-4
63.43488,11.87342909,1.7E-4
63.45002,11.87346736,1.9E-4
63.46516,11.87346430,1.7E-4
63.48030,11.87346151,1.8E-4
63.49544,11.87346573,1.9E-4
63.51058,11.87337725,1.6E-4
63.52572,11.87343588,1.6E-4
63.54086,11.87349362,1.9E-4
63.55600,11.87348747,1.7E-4
63.57114,11.87337882,1.8E-4
63.58628,11.87347488,1.8E-4
63.60142,11.87344120,1.7E-4
63.61656,11.87347775,1.7E-4
63.63170,11.87346006,1.6E-4
63.64684,11.87341660,1.7E-4
63.66198,11.87343353,1.8E-4
63.67712,11.87348189,1.6E-4
63.69226,11.87348262,1.7E-4
63.70740,11.87344015,1.6E-4
63.72254,11.87347375,1.8E-4
63.73768,11.87344300,1.7E-4
63.75282,11.87347966,1.8E-4
63.76796,11.87352085,1.7E-4
63.78310,11.87345232,1.9E-4
63.79824,11.87345385,1.6E-4
63.81338,11.87341960,1.8E-4
63.82852,11.87347379,1.8E-4
63.84366,11.87340418,1.7E-4
63.85880,11.87337135,1.8E-4
63.87394,11.87344106,1.9E-4
63.88908,11.87343049,1.6E-4
63.90422,11.87348747,1.9E-4
63.91936,11.87346807,1.6E-4
63.93450,11.87348603,1.9E-4
63.94964,11.87344834,1.8E-4
63.96478,11.87343301,1.9E-4
63.97992,11.87344339,1.6E-4
63.99506,11.87347156,1.6E-4
166.93815,11.87326255,1.9E-4
333.87631,11.87331565,1.9E-4
500.81446,11.87320753,1.6E-4
667.75261,11.87321227,1.7E-4
740.41767,11.87323761,1.9E-4
740.42591,11.87325302,1.8E-4
740.43416,11.87324004,1.8E-4
740.44240,11.87327554,1.8E-4
740.45065,11.87329730,1.6E-4
740.45889,11.87326167,1.9E-4
740.46714,11.87322655,1.9E-4
740.47538,11.87327709,1.6E-4
740.48363,11.87323807,1.6E-4
740.49187,11.87325429,1.9E-4
740.50012,11.87326723,2.0E-4
740.50836,11.87330090,1.7E-4
740.51661,11.87324784,1.6E-4
740.52485,11.87328319,1.6E-4
740.53310,11.87329368,1.8E-4
740.54134,11.87326683,1.6E-4
740.54959,11.87326520,1.9E-4
740.55783,11.87328273,1.7E-4
740.56607,11.87331809,1.9E-4
740.57432,11.87331496,1.8E-4
740.58256,11.87323667,1.7E-4
740.59081,11.87325572,1.7E-4
740.59905,11.87328575,1.8E-4
740.60730,11.87323463,1.9E-4
740.61554,11.87329151,1.8E-4
740.62379,11.87329400,1.9E-4
740.63203,11.87329183,1.9E-4
740.64028,11.87330982,1.8E-4
740.64852,11.87332507,1.8E-4
740.65677,11.87324273,1.9E-4
740.66501,11.87323944,1.8E-4
740.67326,11.87328781,1.6E-4
740.68150,11.87328059,1.8E-4
740.68975,11.87326857,1.7E-4
740.69799,11.87326782,1.8E-4
740.70624,11.87331342,1.7E-4
740.71448,11.87329324,1.8E-4
740.72273,11.87332328,1.7E-4
740.73097,11.87329430,2.0E-4
740.73922,11.87325098,1.6E-4
740.74746,11.87324706,1.8E-4
740.75570,11.87334319,1.6E-4
740.76395,11.87328987,1.7E-4
740.77219,11.87325175,1.7E-4
740.78044,11.87323102,1.9E-4
740.78868,11.87327058,1.8E-4
740.79693,11.87325561,1.8E-4
740.80517,11.87325308,1.9E-4
740.81342,11.87326085,1.9E-4
740.82166,11.87327169,1.6E-4
740.82991,11.87327608,1.9E-4
740.83815,11.87323176,1.9E-4
740.84640,11.87331057,1.9E-4
740.85464,11.87326871,1.6E-4
740.86289,11.87325507,1.7E-4
740.87113,11.87327060,1.7E-4
740.87938,11.87322206,1.6E-4
740.88762,11.87322654,1.7E-4
740.89587,11.87322333,1.7E-4
740.90411,11.87328366,1.9E-4
740.91236,11.87323294,1.8E-4
740.92060,11.87331122,1.8E-4
740.92885,11.87329140,1.7E-4
740.93709,11.87326314,1.7E-4
740.94533,11.87325731,1.7E-4
740.95358,11.87325459,1.8E-4
740.96182,11.87327754,1.7E-4
740.97007,11.87328804,1.7E-4
740.97831,11.87324588,1.7E-4
740.98656,11.87323964,1.6E-4
740.99480,11.87320340,1.7E-4
741.00305,11.87327344,1.7E-4
741.01129,11.87330305,1.9E-4
741.01954,11.87328813,1.7E-4
741.02778,11.87327257,1.7E-4
741.03603,11.87328293,1.7E-4
741.04427,11.87323843,1.9E-4
741.05252,11.87333842,1.9E-4
741.06076,11.87332800,1.6E-4
741.06901,11.87331608,1.9E-4
834.69077,11.87317881,1.6E-4
1001.62892,11.87309511,1.7E-4
1168.56707,11.87319202,1.9E-4
1335.50523,11.87306096,1.9E-4
1427.34799,11.87260883,1.6E-4
1427.35402,11.87258834,1.9E-4
1427.36004,11.87254613,1.9E-4
1427.36606,11.87254816,1.7E-4
1427.37209,11.87253320,1.8E-4
1427.37811,11.87259005,1.8E-4
1427.38413,11.87256505,1.6E-4
1427.39016,11.87255913,1.7E-4
1427.39618,11.87255110,1.8E-4
1427.40220,11.87260222,1.7E-4
1427.40823,11.87254869,1.6E-4
1427.41425,11.87256025,1.8E-4
1427.42028,11.87256708,1.9E-4
1427.42630,11.87253339,1.7E-4
1427.43232,11.87253173,1.7E-4
1427.43835,11.87257827,1.6E-4
1427.44437,11.87250283,1.7E-4
1427.45039,11.87259305,1.8E-4
1427.45642,11.87255467,1.9E-4
1427.46244,11.87249572,1.9E-4
1427.46846,11.87253209,1.8E-4
1427.47449,11.87250707,1.8E-4
1427.48051,11.87258256,1.8E-4
1427.48653,11.87253299,1.7E-4
1427.49256,11.87255859,1.8E-4
1427.49858,11.87250947,1.8E-4
1427.50460,11.87261030,1.6E-4
1427.51063,11.87257373,1.6E-4
1427.51665,11.87257573,1.9E-4
1427.52267,11.87254619,1.9E-4
1427.52870,11.87252995,1.6E-4
1427.53472,11.87251670,1.7E-4
1427.54075,11.87251034,1.7E-4
1427.54677,11.87250565,1.9E-4
1427.55279,11.87257319,1.8E-4
1427.55882,11.87257255,1.8E-4
1427.56484,11.87258393,1.7E-4
1427.57086,11.87258292,1.6E-4
1427.57689,11.87250813,1.9E-4
1427.58291,11.87259297,1.7E-4
1427.58893,11.87254601,1.8E-4
1427.59496,11.87254002,1.7E-4
1427.60098,11.87254890,1.6E-4
1427.60700,11.87251799,1.8E-4
1427.61303,11.87251946,1.9E-4
1427.61905,11.87251755,1.9E-4
1427.62507,11.87256049,1.9E-4
1427.63110,11.87258229,1.9E-4
1427.63712,11.87254513,1.7E-4
1427.64315,11.87257059,1.9E-4
1427.64917,11.87258024,1.8E-4
1427.65519,11.87258874,1.7E-4
1427.66122,11.87254389,1.8E-4
1427.66724,11.87251564,1.9E-4
1427.67326,11.87260592,1.7E-4
1427.67929,11.87257640,1.8E-4
1427.68531,11.87257112,1.6E-4
1427.69133,11.87250728,1.7E-4
1427.69736,11.87256259,1.6E-4
1427.70338,11.87259759,1.9E-4
1427.70940,11.87259279,2.0E-4
1427.71543,11.87255634,1.7E-4
1427.72145,11.87255534,1.9E-4
1427.72747,11.87255585,1.6E-4
1427.73350,11.87259729,1.9E-4
1427.73952,11.87261370,1.6E-4
1427.74554,11.87252031,1.6E-4
1427.75157,11.87258629,1.9E-4
1427.75759,11.87255323,1.6E-4
1427.76362,11.87252833,1.7E-4
1427.76964,11.87259287,1.7E-4
1427.77566,11.87254454,1.7E-4
1427.78169,11.87255680,1.6E-4
1427.78771,11.87264681,2.0E-4
1427.79373,11.87252648,1.9E-4
1427.79976,11.87262497,1.7E-4
1427.80578,11.87255237,1.8E-4
1427.81180,11.87256939,1.9E-4
1427.81783,11.87255665,1.8E-4
1427.82385,11.87261032,1.7E-4
1502.44338,11.87326293,1.6E-4
1588.47672,11.87320183,1.9E-4
1588.49186,11.87319070,1.9E-4
1588.50700,11.87323021,1.8E-4
1588.52214,11.87314874,1.7E-4
1588.53728,11.87319901,1.9E-4
1588.55242,11.87329940,1.7E-4
1588.56756,11.87318896,1.8E-4
1588.58270,11.87315300,1.8E-4
1588.59784,11.87320554,2.0E-4
1588.61298,11.87319047,1.9E-4
1588.62812,11.87315321,1.6E-4
1588.64326,11.87319648,1.7E-4
1588.65840,11.87318157,1.7E-4
1588.67354,11.87322963,1.6E-4
1588.68868,11.87320100,1.6E-4
1588.70382,11.87323293,1.7E-4
1588.71896,11.87318942,1.6E-4
1588.73410,11.87315186,1.6E-4
1588.74924,11.87324757,1.8E-4
1588.76438,11.87322226,1.8E-4
1588.77952,11.87314978,1.7E-4
1588.79466,11.87322780,1.7E-4
1588.80980,11.87325235,1.7E-4
1588.82494,11.87319890,1.8E-4
1588.84008,11.87320283,1.9E-4
1588.85522,11.87318944,1.7E-4
1588.87036,11.87318976,1.7E-4
1588.88550,11.87323237,1.8E-4
1588.90064,11.87321014,1.6E-4
1588.91578,11.87322580,1.9E-4
1588.93092,11.87316978,1.8E-4
1588.94606,11.87319365,1.8E-4
1588.96120,11.87316218,1.6E-4
1588.97634,11.87318995,1.7E-4
1588.99148,11.87314346,1.8E-4
1589.00662,11.87317204,1.7E-4
1589.02176,11.87322185,1.9E-4
1589.03690,11.87323590,1.7E-4
1589.05204,11.87322607,1.7E-4
1589.06718,11.87320828,1.6E-4
1589.08232,11.87323805,1.7E-4
1589.09746,11.87324102,1.6E-4
1589.11260,11.87324608,1.6E-4
1589.12774,11.87322240,1.8E-4
1589.14288,11.87321045,1.8E-4
1589.15802,11.87313982,1.8E-4
1589.17316,11.87319021,1.7E-4
1589.18830,11.87318988,1.9E-4
1589.20344,11.87321877,1.7E-4
1589.21858,11.87317481,2.0E-4
1589.23372,11.87321467,1.9E-4
1589.24886,11.87320294,1.8E-4
1589.26400,11.87320524,1.8E-4
1589.27914,11.87314529,1.9E-4
1589.29428,11.87320117,1.8E-4
1589.30942,11.87319312,1.6E-4
1589.32455,11.87322118,1.6E-4
1589.33969,11.87318052,1.7E-4
1589.35483,11.87322521,1.9E-4
1589.36997,11.87319893,1.9E-4
1589.38511,11.87319984,1.6E-4
1589.40025,11.87326343,1.8E-4
1589.41539,11.87317334,1.8E-4
1589.43053,11.87318245,1.9E-4
1589.44567,11.87316729,1.9E-4
1589.46081,11.87324452,1.7E-4
1589.47595,11.87317872,1.8E-4
1589.49109,11.87325020,1.6E-4
1589.50623,11.87320669,1.8E-4
1589.52137,11.87323648,1.9E-4
1589.53651,11.87319898,1.8E-4
1589.55165,11.87321720,1.7E-4
1589.56679,11.87321176,1.7E-4
1589.58193,11.87322010,1.7E-4
1589.59707,11.87319988,1.6E-4
1589.61221,11.87320306,1.9E-4
1589.62735,11.87326676,1.9E-4
1589.64249,11.87321113,1.9E-4
1589.65763,11.87316550,1.7E-4
1589.67277,11.87324656,1.8E-4
1589.68791,11.87326541,1.9E-4
1589.70305,11.87319009,1.9E-4
1589.71819,11.87324706,1.9E-4
1589.73333,11.87322691,1.7E-4
1589.74847,11.87317687,1.7E-4
1589.76361,11.87322301,1.9E-4
1589.77875,11.87318748,1.6E-4
1589.79389,11.87318123,1.6E-4
1589.80903,11.87314917,1.7E-4
1589.82417,11.87319514,1.8E-4
1589.83931,11.87324574,1.9E-4
1589.85445,11.87318716,1.6E-4
1589.86959,11.87320282,1.7E-4
1589.88473,11.87320387,1.6E-4
1589.89987,11.87325109,1.7E-4
1589.91501,11.87320219,1.9E-4
1589.93015,11.87318463,1.6E-4
1589.94529,11.87312761,1.8E-4
1589.96043,11.87316533,1.9E-4
1589.97557,11.87320238,1.8E-4
1589.99071,11.87318568,1.8E-4
1590.00585,11.87319008,1.8E-4
1590.02099,11.87320092,1.9E-4
1590.03613,11.87317235,1.9E-4
1590.05127,11.87320980,1.7E-4
1590.06641,11.87321770,1.8E-4
1590.08155,11.87319462,1.6E-4
1590.09669,11.87323443,1.6E-4
1590.11183,11.87318816,1.9E-4
1590.12697,11.87322366,1.7E-4
1590.14211,11.87322326,1.8E-4
1590.15725,11.87321651,1.7E-4
1590.17239,11.87325643,1.9E-4
1590.18753,11.87320954,1.9E-4
1590.20267,11.87319119,1.7E-4
1590.21781,11.87324608,1.9E-4
1590.23295,11.87325129,1.7E-4
1590.24809,11.87318171,1.6E-4
1590.26323,11.87317245,1.9E-4
1590.27837,11.87326021,1.6E-4
1669.38153,11.87321629,1.9E-4
1703.03574,11.87306419,1.9E-4
1703.05088,11.87315894,1.7E-4
1703.06602,11.87312626,1.6E-4
1703.08116,11.87316337,1.8E-4
1703.09630,11.87319088,1.9E-4
1703.11144,11.87320738,1.7E-4
1703.12658,11.87320377,1.7E-4
1703.14172,11.87318203,1.6E-4
1703.15686,11.87310848,1.8E-4
1703.17200,11.87314698,1.6E-4
1703.18714,11.87323520,1.7E-4
1703.20228,11.87316481,1.7E-4
1703.21742,11.87310676,1.9E-4
1703.23256,11.87314856,1.7E-4
1703.24770,11.87316296,1.8E-4
1703.26284,11.87318578,1.9E-4
1703.27798,11.87317913,1.7E-4
1703.29312,11.87319155,1.7E-4
1703.30826,11.87310382,1.6E-4
1703.32340,11.87310697,1.7E-4
1703.33854,11.87318269,1.7E-4
1703.35368,11.87322619,1.9E-4
1703.36882,11.87316620,1.6E-4
1703.38396,11.87317913,1.6E-4
1703.39910,11.87318469,1.8E-4
1703.41424,11.87320390,1.8E-4
1703.42938,11.87314760,1.7E-4
1703.44452,11.87316273,1.9E-4
1703.45966,11.87316784,1.8E-4
1703.47480,11.87317689,1.7E-4
1703.48994,11.87313173,1.7E-4
1703.50508,11.87316187,1.9E-4
1703.52022,11.87316732,1.9E-4
1703.53536,11.87319885,1.6E-4
1703.55050,11.87320600,1.6E-4
1703.56564,11.87315306,1.8E-4
1703.58078,11.87322513,1.8E-4
1703.59592,11.87316081,1.6E-4
1703.61106,11.87318134,1.6E-4
1703.62620,11.87318602,1.9E-4
1703.64134,11.87316689,1.9E-4
1703.65648,11.87315077,1.8E-4
1703.67162,11.87317385,1.9E-4
1703.68676,11.87314581,1.8E-4
1703.70190,11.87317862,1.9E-4
1703.71704,11.87316465,1.9E-4
1703.73218,11.87316793,1.9E-4
1703.74732,11.87313581,1.9E-4
1703.76246,11.87318142,1.6E-4
1703.77760,11.87319677,1.9E-4
1703.79274,11.87315000,1.9E-4
1703.80788,11.87315306,1.8E-4
1703.82302,11.87319457,1.7E-4
1703.83816,11.87319067,1.7E-4
1703.85329,11.87310772,1.9E-4
1703.86843,11.87314417,1.6E-4
1703.88357,11.87318232,1.6E-4
1703.89871,11.87322049,1.6E-4
1703.91385,11.87308996,1.8E-4
1703.92899,11.87310817,1.9E-4
1703.94413,11.87316727,1.8E-4
1703.95927,11.87319838,1.7E-4
1703.97441,11.87318607,1.8E-4
1703.98955,11.87320433,1.6E-4
1704.00469,11.87320243,2.0E-4
1704.01983,11.87310124,1.6E-4
1704.03497,11.87317609,1.7E-4
1704.05011,11.87317859,1.7E-4
1704.06525,11.87312051,1.9E-4
1704.08039,11.87322300,1.8E-4
1704.09553,11.87316931,1.7E-4
1704.11067,11.87325094,1.7E-4
1704.12581,11.87309975,1.7E-4
1704.14095,11.87318141,1.9E-4
1704.15609,11.87318421,1.9E-4
1704.17123,11.87316943,1.8E-4
1704.18637,11.87319219,1.9E-4
1704.20151,11.87310872,1.7E-4
1704.21665,11.87317942,1.6E-4
1704.23179,11.87316470,1.9E-4
1704.24693,11.87318873,1.7E-4
1704.26207,11.87323702,1.8E-4
1704.27721,11.87323647,1.9E-4
1704.29235,11.87317240,1.8E-4
1704.30749,11.87312877,1.8E-4
1704.32263,11.87315972,1.6E-4
1704.33777,11.87315333,1.6E-4
1704.35291,11.87318929,1.9E-4
1704.36805,11.87320195,1.7E-4
1704.38319,11.87320048,1.9E-4
1704.39833,11.87315775,1.9E-4
1704.41347,11.87318060,1.6E-4
1704.42861,11.87315297,1.6E-4
1704.44375,11.87324941,1.7E-4
1704.45889,11.87318178,1.9E-4
1704.47403,11.87317301,1.6E-4
1704.48917,11.87316685,1.7E-4
1704.50431,11.87311931,1.6E-4
1704.51945,11.87318937,1.6E-4
1704.53459,11.87314198,1.8E-4
1704.54973,11.87318017,1.8E-4
1704.56487,11.87318788,1.9E-4
1704.58001,11.87311769,1.6E-4
1704.59515,11.87315900,1.6E-4
1704.61029,11.87319829,1.9E-4
1704.62543,11.87316578,1.7E-4
1704.64057,11.87318114,1.8E-4
1704.65571,11.87320003,1.9E-4
1704.67085,11.87314967,1.8E-4
1704.68599,11.87314849,1.9E-4
1704.70113,11.87314204,1.7E-4
1704.71627,11.87310979,1.9E-4
1704.73141,11.87320679,1.6E-4
1704.74655,11.87313728,1.7E-4
1704.76169,11.87314278,2.0E-4
1704.77683,11.87314799,1.6E-4
1704.79197,11.87315252,1.6E-4
1704.80711,11.87312340,1.6E-4
1704.82225,11.87318402,1.8E-4
1704.83739,11.87310231,1.9E-4
1761.27511,11.82826033,1.8E-4
1761.28691,11.82807455,1.8E-4
1761.29871,11.82783261,1.7E-4
1761.31051,11.82757541,1.7E-4
1761.32231,11.82747280,1.9E-4
1761.33411,11.82726598,1.8E-4
1761.34591,11.82710690,1.9E-4
1761.35771,11.82691897,1.6E-4
1761.36951,11.82671801,1.9E-4
1761.38131,11.82655414,1.8E-4
1761.39311,11.82640875,1.7E-4
1761.40491,11.82636490,1.9E-4
1761.41671,11.82615684,1.7E-4
1761.42851,11.82604868,1.7E-4
1761.44031,11.82598142,1.8E-4
1761.45211,11.82583335,1.9E-4
1761.46391,11.82569552,1.8E-4
1761.47571,11.82570924,1.8E-4
1761.48751,11.82556383,1.7E-4
1761.49931,11.82542193,1.8E-4
1761.51111,11.82538650,1.6E-4
1761.52291,11.82536218,1.6E-4
1761.53471,11.82536339,1.9E-4
1761.54651,11.82529544,1.7E-4
1761.55831,11.82516368,1.8E-4
1761.57011,11.82510944,1.8E-4
1761.58191,11.82514988,1.8E-4
1761.59371,11.82507568,1.9E-4
1761.60551,11.82503733,1.8E-4
1761.61731,11.82496435,1.8E-4
1761.62911,11.82502033,1.9E-4
1761.64091,11.82505381,1.7E-4
1761.65271,11.82505454,1.8E-4
1761.66451,11.82501841,1.8E-4
1761.67631,11.82502968,1.6E-4
1761.68811,11.82499307,1.9E-4
1761.69991,11.82503693,1.8E-4
1761.71171,11.82505510,1.7E-4
1761.72351,11.82506871,1.9E-4
1761.73531,11.82511925,1.8E-4
1761.74711,11.82518209,1.7E-4
1761.75891,11.82525146,1.9E-4
1761.77072,11.82521521,1.6E-4
1761.78252,11.82533410,1.7E-4
1761.79432,11.82534060,1.9E-4
1761.80612,11.82542679,1.9E-4
1761.81792,11.82561423,1.9E-4
1761.82972,11.82566026,1.6E-4
1761.84152,11.82565398,1.6E-4
1761.85332,11.82578555,1.9E-4
1761.86512,11.82587866,1.8E-4
1761.87692,11.82596006,1.6E-4
1761.88872,11.82609009,1.9E-4
1761.90052,11.82622649,1.6E-4
1761.91232,11.82635312,1.9E-4
1761.92412,11.82650629,1.8E-4
1761.93592,11.82666498,1.7E-4
1761.94772,11.82679281,1.6E-4
1761.95952,11.82701675,1.7E-4
1761.97132,11.82715171,1.6E-4
1761.98312,11.82728267,1.8E-4
1761.99492,11.82750263,1.8E-4
1762.00672,11.82769111,1.9E-4
1762.01852,11.82792233,1.9E-4
1762.03032,11.82814390,1.9E-4
1762.04212,11.82836555,1.8E-4
1762.05392,11.82859521,1.7E-4
1762.06572,11.82885432,1.7E-4
1762.07752,11.82912986,1.6E-4
1762.08932,11.82940755,1.6E-4
1762.10112,11.82971151,1.8E-4
1762.11292,11.83000200,1.7E-4
1762.12472,11.83035891,1.9E-4
1762.13652,11.83065600,1.7E-4
1762.14832,11.83105314,1.7E-4
1762.16012,11.83146870,1.9E-4
1762.17192,11.83177730,1.6E-4
1762.18372,11.83221812,1.6E-4
1762.19552,11.83268473,1.7E-4
1762.20732,11.83311050,1.7E-4
1836.31968,11.87320775,1.7E-4
1928.50387,11.87342464,1.9E-4
1928.51901,11.87344775,1.7E-4
1928.53415,11.87343611,1.8E-4
1928.54929,11.87344304,1.7E-4
1928.56443,11.87349791,1.8E-4
1928.57957,11.87340062,1.8E-4
1928.59471,11.87339555,1.8E-4
1928.60985,11.87341591,1.7E-4
1928.62499,11.87340291,1.7E-4
1928.64013,11.87344304,1.6E-4
1928.65527,11.87339251,1.9E-4
1928.67041,11.87341893,1.9E-4
1928.68555,11.87340866,1.8E-4
1928.70069,11.87346043,1.6E-4
1928.71583,11.87342758,1.6E-4
1928.73097,11.87337948,1.8E-4
1928.74611,11.87338619,1.7E-4
1928.76125,11.87342824,1.6E-4
1928.77639,11.87341463,1.6E-4
1928.79153,11.87333638,1.9E-4
1928.80667,11.87339369,1.7E-4
1928.82181,11.87343754,1.7E-4
1928.83695,11.87342941,1.7E-4
1928.85209,11.87336898,1.6E-4
1928.86723,11.87339123,1.6E-4
1928.88237,11.87334400,1.9E-4
1928.89751,11.87333772,1.8E-4
1928.91265,11.87339475,1.6E-4
1928.92779,11.87339340,1.7E-4
1928.94293,11.87345387,1.6E-4
1928.95807,11.87336890,1.8E-4
1928.97321,11.87339039,1.7E-4
1928.98835,11.87340013,1.7E-4
1929.00349,11.87342906,1.7E-4
1929.01863,11.87335422,1.9E-4
1929.03377,11.87338185,1.6E-4
1929.04891,11.87339282,1.7E-4
1929.06405,11.87334641,1.9E-4
1929.07919,11.87339879,1.7E-4
1929.09433,11.87335070,1.8E-4
1929.10947,11.87337202,1.6E-4
1929.12461,11.87335424,1.8E-4
1929.13975,11.87335137,1.8E-4
1929.15489,11.87336830,1.6E-4
1929.17003,11.87336309,1.8E-4
1929.18517,11.87331775,1.7E-4
1929.20031,11.87336013,1.7E-4
1929.21545,11.87333245,1.7E-4
1929.23059,11.87332802,1.6E-4
1929.24573,11.87335472,1.9E-4
1929.26087,11.87341971,1.8E-4
1929.27601,11.87337022,1.7E-4
1929.29115,11.87337637,1.7E-4
1929.30629,11.87336541,1.7E-4
1929.32143,11.87339462,1.8E-4
1929.33657,11.87330741,1.9E-4
1929.35171,11.87333190,1.6E-4
1929.36685,11.87332909,1.7E-4
1929.38199,11.87335104,1.7E-4
1929.39713,11.87341605,1.9E-4
1929.41227,11.87337863,1.9E-4
1929.42741,11.87329461,2.0E-4
1929.44255,11.87327639,1.6E-4
1929.45769,11.87329616,1.9E-4
1929.47283,11.87330268,1.8E-4
1929.48796,11.87332247,1.9E-4
1929.50310,11.87328232,1.7E-4
1929.51824,11.87337194,1.9E-4
1929.53338,11.87328033,1.6E-4
1929.54852,11.87334913,1.8E-4
1929.56366,11.87331588,1.6E-4
1929.57880,11.87329369,1.6E-4
1929.59394,11.87328737,1.8E-4
1929.60908,11.87330714,1.8E-4
1929.62422,11.87331992,1.8E-4
1929.63936,11.87329180,1.7E-4
1929.65450,11.87329440,1.7E-4
1929.66964,11.87326919,1.8E-4
1929.68478,11.87334538,1.6E-4
1929.69992,11.87324124,1.9E-4
1929.71506,11.87330738,1.8E-4
1929.73020,11.87328191,1.8E-4
1929.74534,11.87325549,1.8E-4
1929.76048,11.87324828,1.6E-4
1929.77562,11.87328794,1.6E-4
1929.79076,11.87327293,1.9E-4
1929.80590,11.87326816,1.8E-4
1929.82104,11.87327397,1.9E-4
1929.83618,11.87324457,1.9E-4
1929.85132,11.87326329,1.8E-4
1929.86646,11.87326168,1.9E-4
1929.88160,11.87327510,1.7E-4
1929.89674,11.87325201,2.0E-4
1929.91188,11.87325647,1.6E-4
1929.92702,11.87327406,1.6E-4
1929.94216,11.87329756,1.6E-4
1929.95730,11.87326788,1.9E-4
1929.97244,11.87326190,1.8E-4
1929.98758,11.87321918,1.8E-4
1930.00272,11.87328859,1.7E-4
1930.01786,11.87325632,1.9E-4
1930.03300,11.87324824,1.6E-4
1930.04814,11.87318309,1.8E-4
1930.06328,11.87322611,1.6E-4
1930.07842,11.87325764,1.8E-4
1930.09356,11.87322720,1.6E-4
1930.10870,11.87321828,1.6E-4
1930.12384,11.87321276,1.7E-4
1930.13898,11.87323601,1.8E-4
1930.15412,11.87324548,1.8E-4
1930.16926,11.87323226,1.9E-4
1930.18440,11.87324228,1.7E-4
1930.19954,11.87322913,1.9E-4
1930.21468,11.87323466,1.8E-4
1930.22982,11.87322882,1.9E-4
1930.24496,11.87324886,1.8E-4
1930.26010,11.87325618,1.9E-4
1930.27524,11.87323973,1.6E-4
1930.29038,11.87323829,1.9E-4
1930.30552,11.87324457,1.6E-4
2003.25784,11.87319694,1.6E-4
2147.59106,11.87320345,1.7E-4
2147.60620,11.87323317,1.9E-4
2147.62134,11.87324303,1.7E-4
2147.63648,11.87318203,1.7E-4
2147.65162,11.87320624,1.8E-4
2147.66676,11.87322543,1.6E-4
2147.68190,11.87324579,1.7E-4
2147.69704,11.87323921,1.8E-4
2147.71218,11.87325971,2.0E-4
2147.72732,11.87324837,1.6E-4
2147.74246,11.87319887,1.9E-4
2147.75760,11.87322143,1.9E-4
2147.77274,11.87326680,1.7E-4
2147.78788,11.87321436,1.6E-4
2147.80302,11.87319454,1.6E-4
2147.81816,11.87318754,1.7E-4
2147.83330,11.87320006,1.9E-4
2147.84844,11.87320032,1.6E-4
2147.86357,11.87322267,1.8E-4
2147.87871,11.87326128,1.8E-4
2147.89385,11.87325158,1.6E-4
2147.90899,11.87318582,1.6E-4
2147.92413,11.87321997,1.7E-4
2147.93927,11.87320080,1.9E-4
2147.95441,11.87321736,1.6E-4
2147.96955,11.87321999,1.9E-4
2147.98469,11.87323671,1.9E-4
2147.99983,11.87328302,1.7E-4
2148.01497,11.87321418,1.7E-4
2148.03011,11.87319473,1.8E-4
2148.04525,11.87323828,1.9E-4
2148.06039,11.87324874,1.7E-4
2148.07553,11.87328471,1.7E-4
2148.09067,11.87321131,1.7E-4
2148.10581,11.87323753,1.7E-4
2148.12095,11.87324260,1.8E-4
2148.13609,11.87320387,1.7E-4
2148.15123,11.87319771,1.7E-4
2148.16637,11.87328030,1.7E-4
2148.18151,11.87321422,1.9E-4
2148.19665,11.87323258,1.8E-4
2148.21179,11.87323249,1.9E-4
2148.22693,11.87324350,1.7E-4
2148.24207,11.87321587,1.7E-4
2148.25721,11.87315780,1.6E-4
2148.27235,11.87323974,1.7E-4
2148.28749,11.87328647,1.7E-4
2148.30263,11.87319365,1.9E-4
2148.31777,11.87320947,1.6E-4
2148.33291,11.87320761,1.6E-4
2148.34805,11.87319103,1.9E-4
2148.36319,11.87321408,1.7E-4
2148.37833,11.87327555,1.9E-4
2148.39347,11.87327978,1.7E-4
2148.40861,11.87321879,1.6E-4
2148.42375,11.87327555,1.6E-4
2148.43889,11.87320001,1.9E-4
2148.45403,11.87326213,1.8E-4
2148.46917,11.87320086,1.9E-4
2148.48431,11.87318755,1.7E-4
2148.49945,11.87323031,1.9E-4
2148.51459,11.87320953,1.9E-4
2148.52973,11.87323436,1.7E-4
2148.54487,11.87327484,1.8E-4
2148.56001,11.87324752,1.9E-4
2148.57515,11.87328322,1.7E-4
2148.59029,11.87319005,1.7E-4
2148.60543,11.87318238,1.6E-4
2148.62057,11.87316529,1.8E-4
2148.63571,11.87322918,1.6E-4
2148.65085,11.87325471,1.8E-4
2148.66599,11.87324527,1.7E-4
2148.68113,11.87319040,1.7E-4
2148.69627,11.87325939,1.6E-4
2148.71141,11.87323365,1.6E-4
2148.72655,11.87320638,1.8E-4
2148.74169,11.87320513,1.8E-4
2148.75683,11.87319703,1.8E-4
2148.77197,11.87329620,1.8E-4
2148.78711,11.87322946,1.7E-4
2148.80225,11.87326619,1.8E-4
2148.81739,11.87324547,1.9E-4
2148.83253,11.87321560,1.7E-4
2148.84767,11.87325648,2.0E-4
2148.86281,11.87322043,1.9E-4
2148.87795,11.87319745,1.9E-4
2148.89309,11.87322344,1.8E-4
2148.90823,11.87325074,1.9E-4
2148.92337,11.87324912,2.0E-4
2148.93850,11.87321148,1.8E-4
2148.95364,11.87321898,1.6E-4
2148.96878,11.87321519,1.8E-4
2148.98392,11.87321907,1.6E-4
2148.99906,11.87321760,1.8E-4
2149.01420,11.87327156,1.8E-4
2149.02934,11.87324054,1.6E-4
2149.04448,11.87320664,1.9E-4
2149.05962,11.87325057,1.9E-4
2149.07476,11.87321520,1.6E-4
2149.08990,11.87322394,1.8E-4
2149.10504,11.87323539,1.7E-4
2149.12018,11.87318571,1.8E-4
2149.13532,11.87318487,1.8E-4
2149.15046,11.87325462,1.6E-4
2149.16560,11.87323465,1.9E-4
2149.18074,11.87319456,1.8E-4
2149.19588,11.87324573,1.8E-4
2149.21102,11.87330793,1.8E-4
2149.22616,11.87320751,1.9E-4
2149.24130,11.87321639,1.8E-4
2149.25644,11.87325749,1.7E-4
2149.27158,11.87317159,1.9E-4
2149.28672,11.87324524,1.8E-4
2149.30186,11.87331785,1.7E-4
2149.31700,11.87322393,1.7E-4
2149.33214,11.87329850,1.7E-4
2149.34728,11.87320453,1.6E-4
2149.36242,11.87324853,1.6E-4
2149.37756,11.87332102,1.9E-4
2149.39270,11.87321451,1.9E-4
2170.19599,11.87325706,1.6E-4
2172.32291,11.87338648,1.8E-4
2172.35332,11.87335522,1.8E-4
2172.38373,11.87341056,1.8E-4
2172.41413,11.87342636,1.8E-4
2172.44454,11.87334087,1.8E-4
2172.47495,11.87340088,1.8E-4
2172.50536,11.87344007,1.8E-4
2172.53576,11.87333094,1.9E-4
2172.56617,11.87336144,1.6E-4
2172.59658,11.87336699,1.6E-4
2172.62699,11.87341033,1.8E-4
2172.65739,11.87340184,1.9E-4
2172.68780,11.87331631,1.7E-4
2172.71821,11.87333408,1.9E-4
2172.74862,11.87334590,1.7E-4
2172.77902,11.87336953,1.7E-4
2172.80943,11.87337971,1.9E-4
2172.83984,11.87336203,1.9E-4
2172.87025,11.87337712,1.9E-4
2172.90065,11.87340763,1.6E-4
2172.93106,11.87337671,1.9E-4
2172.96147,11.87333498,1.9E-4
2172.99188,11.87338824,1.8E-4
2173.02228,11.87341084,1.9E-4
2173.05269,11.87336423,1.8E-4
2173.08310,11.87334384,1.7E-4
2173.11351,11.87334333,1.8E-4
2173.14391,11.87337287,1.9E-4
2173.17432,11.87332668,1.6E-4
2173.20473,11.87334945,1.8E-4
2173.23514,11.87335161,1.9E-4
2173.26554,11.87329159,1.6E-4
2173.29595,11.87331248,1.9E-4
2173.32636,11.87330604,1.9E-4
2173.35677,11.87336137,1.9E-4
2173.38717,11.87334284,1.9E-4
2173.41758,11.87334796,1.6E-4
2173.44799,11.87337220,1.9E-4
2173.47840,11.87336382,1.8E-4
2173.50880,11.87335472,1.8E-4
2173.53921,11.87334522,1.9E-4
2173.56962,11.87329276,1.9E-4
2173.60003,11.87341036,1.9E-4
2173.63043,11.87331422,1.6E-4
2173.66084,11.87332503,1.8E-4
2173.69125,11.87335145,1.8E-4
2173.72166,11.87337670,1.9E-4
2173.75206,11.87333605,1.8E-4
2173.78247,11.87320824,1.6E-4
2173.81288,11.87327244,1.6E-4
2173.84329,11.87325401,1.7E-4
2173.87369,11.87329624,1.8E-4
2173.90410,11.87324529,1.7E-4
2173.93451,11.87329271,1.9E-4
2173.96492,11.87326381,1.9E-4
2173.99532,11.87332502,1.7E-4
2174.02573,11.87322634,1.9E-4
2174.05614,11.87328406,1.7E-4
2174.08655,11.87324735,1.8E-4
2174.11695,11.87330403,1.8E-4
2174.14736,11.87320641,1.9E-4
2174.17777,11.87326976,1.8E-4
2174.20818,11.87323906,1.6E-4
2174.23858,11.87326180,1.7E-4
2174.26899,11.87321386,1.7E-4
2174.29940,11.87325782,1.7E-4
2174.32980,11.87328527,1.9E-4
2174.36021,11.87324160,1.6E-4
2174.39062,11.87324502,1.9E-4
2174.42103,11.87326156,1.9E-4
2174.45143,11.87321193,1.8E-4
2174.48184,11.87322470,1.8E-4
2174.51225,11.87322963,1.8E-4
2174.54266,11.87323944,1.8E-4
2174.57306,11.87329618,1.7E-4
2174.60347,11.87325519,1.7E-4
2174.63388,11.87328271,1.7E-4
2174.66429,11.87322926,1.6E-4
2174.69469,11.87320846,1.8E-4
2174.72510,11.87318493,1.7E-4
2337.13414,11.87327013,1.8E-4
2504.07230,11.87333837,1.6E-4
2671.01045,11.87322750,1.9E-4
2837.94860,11.87288381,1.6E-4
2860.15137,11.87252952,1.9E-4
2860.15827,11.87256843,2.0E-4
2860.16516,11.87253773,1.8E-4
2860.17206,11.87259934,1.9E-4
2860.17896,11.87254562,1.8E-4
2860.18586,11.87258614,1.9E-4
2860.19276,11.87249318,1.7E-4
2860.19966,11.87253219,1.9E-4
2860.20656,11.87255359,1.8E-4
2860.21345,11.87253389,1.7E-4
2860.22035,11.87254490,1.8E-4
2860.22725,11.87251906,1.8E-4
2860.23415,11.87255444,1.6E-4
2860.24105,11.87253909,1.9E-4
2860.24795,11.87245993,1.7E-4
2860.25484,11.87253570,1.7E-4
2860.26174,11.87252588,1.9E-4
2860.26864,11.87256662,1.6E-4
2860.27554,11.87255845,1.8E-4
2860.28244,11.87249448,1.9E-4
2860.28934,11.87247527,1.9E-4
2860.29623,11.87249487,1.6E-4
2860.30313,11.87247603,1.6E-4
2860.31003,11.87249481,1.7E-4
2860.31693,11.87257646,1.6E-4
2860.32383,11.87249821,1.9E-4
2860.33073,11.87248879,1.9E-4
2860.33762,11.87251021,1.6E-4
2860.34452,11.87253110,1.7E-4
2860.35142,11.87249287,1.6E-4
2860.35832,11.87249892,1.6E-4
2860.36522,11.87250251,1.8E-4
2860.37212,11.87251337,1.9E-4
2860.37902,11.87248068,1.9E-4
2860.38591,11.87244116,1.7E-4
2860.39281,11.87244391,1.6E-4
2860.39971,11.87245644,1.9E-4
2860.40661,11.87250630,1.6E-4
2860.41351,11.87245585,1.9E-4
2860.42041,11.87252489,1.7E-4
2860.42730,11.87247052,1.9E-4
2860.43420,11.87249234,1.8E-4
2860.44110,11.87250997,1.7E-4
2860.44800,11.87253622,1.7E-4
2860.45490,11.87245525,1.9E-4
2860.46180,11.87245355,1.9E-4
2860.46869,11.87249893,1.8E-4
2860.47559,11.87249181,1.7E-4
2860.48249,11.87252435,1.6E-4
2860.48939,11.87247786,1.7E-4
2860.49629,11.87249512,1.7E-4
2860.50319,11.87248510,2.0E-4
2860.51008,11.87247656,1.6E-4
2860.51698,11.87246278,1.9E-4
2860.52388,11.87252422,1.7E-4
2860.53078,11.87245846,1.6E-4
2860.53768,11.87250932,1.7E-4
2860.54458,11.87250351,1.9E-4
2860.55147,11.87253218,1.6E-4
2860.55837,11.87255130,1.7E-4
2860.56527,11.87246330,1.9E-4
2860.57217,11.87247891,1.7E-4
2860.57907,11.87245620,1.7E-4
2860.58597,11.87247400,1.6E-4
2860.59287,11.87249556,1.6E-4
2860.59976,11.87250369,1.7E-4
2860.60666,11.87249396,1.6E-4
2860.61356,11.87249324,1.6E-4
2860.62046,11.87250934,1.8E-4
2860.62736,11.87253580,1.7E-4
2860.63426,11.87253206,1.9E-4
2860.64115,11.87251236,1.7E-4
2860.64805,11.87252311,1.8E-4
2860.65495,11.87248252,1.8E-4
2860.66185,11.87252923,1.9E-4
2860.66875,11.87247422,1.8E-4
2860.67565,11.87247940,1.9E-4
2860.68254,11.87248271,1.6E-4
2860.68944,11.87248480,1.9E-4
2860.69634,11.87254525,1.6E-4
3004.88676,11.87320035,1.6E-4
3171.82491,11.87324740,1.6E-4
3227.12919,11.87334998,1.7E-4
3227.17118,11.87328005,1.7E-4
3227.21317,11.87330095,1.6E-4
3227.25516,11.87332049,1.6E-4
3227.29716,11.87330642,1.7E-4
3227.33915,11.87333773,1.6E-4
3227.38114,11.87332090,1.9E-4
3227.42313,11.87325644,1.7E-4
3227.46513,11.87324573,1.9E-4
3227.50712,11.87330381,1.8E-4
3227.54911,11.87328148,1.7E-4
3227.59110,11.87333960,1.7E-4
3227.63309,11.87331846,1.8E-4
3227.67509,11.87323724,1.6E-4
3227.71708,11.87332448,1.8E-4
3227.75907,11.87329183,1.7E-4
3227.80106,11.87329250,1.8E-4
3227.84306,11.87320871,1.7E-4
3227.88505,11.87330386,1.8E-4
3227.92704,11.87323637,1.9E-4
3227.96903,11.87332977,1.6E-4
3228.01103,11.87329877,1.6E-4
3228.05302,11.87321147,1.8E-4
3228.09501,11.87328026,1.9E-4
3228.13700,11.87326159,1.6E-4
3228.17900,11.87331651,1.9E-4
3228.22099,11.87327229,1.7E-4
3228.26298,11.87331199,1.6E-4
3228.30497,11.87328560,1.6E-4
3228.34696,11.87325806,1.7E-4
3228.38896,11.87327759,1.9E-4
3228.43095,11.87324208,1.8E-4
3228.47294,11.87324973,1.7E-4
3228.51493,11.87331172,1.8E-4
3228.55693,11.87324052,1.6E-4
3228.59892,11.87327165,1.7E-4
3228.64091,11.87325685,1.7E-4
3228.68290,11.87321419,1.6E-4
3228.72490,11.87328147,1.6E-4
3228.76689,11.87325912,1.9E-4
3228.80888,11.87325680,1.7E-4
3228.85087,11.87328704,1.7E-4
3228.89286,11.87330449,1.7E-4
3228.93486,11.87324801,1.9E-4
3228.97685,11.87320775,1.6E-4
3229.01884,11.87326255,1.6E-4
3229.06083,11.87323228,1.9E-4
3229.10283,11.87323795,1.9E-4
3229.14482,11.87326010,1.8E-4
3229.18681,11.87327278,1.7E-4
3229.22880,11.87324953,1.9E-4
3229.27080,11.87326217,1.7E-4
3229.31279,11.87324356,1.9E-4
3229.35478,11.87327545,1.9E-4
3229.39677,11.87327582,1.7E-4
3229.43877,11.87324952,1.9E-4
3229.48076,11.87319120,1.6E-4
3229.52275,11.87318774,1.7E-4
3229.56474,11.87329525,1.7E-4
3229.60673,11.87327441,1.7E-4
3229.64873,11.87327967,1.8E-4
3229.69072,11.87328709,1.7E-4
3229.73271,11.87323778,1.8E-4
3229.77470,11.87320080,1.6E-4
3229.81670,11.87319162,1.8E-4
3229.85869,11.87323473,1.8E-4
3229.90068,11.87324136,1.9E-4
3229.94267,11.87324549,1.6E-4
3229.98467,11.87329654,1.7E-4
3230.02666,11.87328960,1.8E-4
3230.06865,11.87326159,1.8E-4
3230.11064,11.87325840,1.9E-4
3230.15263,11.87326890,1.8E-4
3230.19463,11.87327312,1.6E-4
3230.23662,11.87323423,1.6E-4
3230.27861,11.87320698,1.7E-4
3230.32060,11.87320563,1.7E-4
3230.36260,11.87321472,1.7E-4
3230.40459,11.87320069,1.9E-4
3230.44658,11.87325013,1.9E-4
3338.76306,11.87331587,1.6E-4
3505.70122,11.87317107,1.6E-4
3606.27890,11.87349779,1.9E-4
3606.28324,11.87351413,1.7E-4
3606.28759,11.87353796,1.7E-4
3606.29194,11.87355397,1.8E-4
3606.29629,11.87356169,1.6E-4
3606.30064,11.87351604,1.6E-4
3606.30499,11.87350955,1.8E-4
3606.30933,11.87357865,1.6E-4
3606.31368,11.87352264,1.6E-4
3606.31803,11.87347162,1.7E-4
3606.32238,11.87357909,1.9E-4
3606.32673,11.87352302,1.7E-4
3606.33107,11.87352109,1.8E-4
3606.33542,11.87358940,1.6E-4
3606.33977,11.87347136,1.7E-4
3606.34412,11.87349961,1.8E-4
3606.34847,11.87348817,1.6E-4
3606.35282,11.87352501,1.8E-4
3606.35716,11.87347214,1.8E-4
3606.36151,11.87355231,1.8E-4
3606.36586,11.87352895,1.9E-4
3606.37021,11.87355791,1.8E-4
3606.37456,11.87352325,1.7E-4
3606.37891,11.87352057,1.7E-4
3606.38325,11.87355925,1.9E-4
3606.38760,11.87349819,1.8E-4
3606.39195,11.87347308,1.7E-4
3606.39630,11.87348866,1.8E-4
3606.40065,11.87352320,1.6E-4
3606.40499,11.87347528,1.9E-4
3606.40934,11.87353611,1.8E-4
3606.41369,11.87351652,1.9E-4
3606.41804,11.87348903,1.7E-4
3606.42239,11.87356443,1.7E-4
3606.42674,11.87350924,1.7E-4
3606.43108,11.87347485,1.8E-4
3606.43543,11.87353353,1.6E-4
3606.43978,11.87349921,1.9E-4
3606.44413,11.87358306,1.6E-4
3606.44848,11.87349708,1.9E-4
3606.45282,11.87353468,1.8E-4
3606.45717,11.87352940,1.6E-4
3606.46152,11.87351044,1.8E-4
3606.46587,11.87353010,1.6E-4
3606.47022,11.87349525,1.6E-4
3606.47457,11.87355897,1.9E-4
3606.47891,11.87352912,1.8E-4
3606.48326,11.87355707,1.7E-4
3606.48761,11.87354964,1.6E-4
3606.49196,11.87352719,1.6E-4
3606.49631,11.87355545,1.6E-4
3606.50066,11.87351573,1.9E-4
3606.50500,11.87348931,1.6E-4
3606.50935,11.87355973,1.6E-4
3606.51370,11.87350787,1.8E-4
3606.51805,11.87349197,1.9E-4
3606.52240,11.87347834,1.8E-4
3606.52674,11.87346359,1.8E-4
3606.53109,11.87355887,1.7E-4
3606.53544,11.87352374,1.8E-4
3606.53979,11.87350808,1.6E-4
3606.54414,11.87353962,1.7E-4
3606.54849,11.87349744,1.8E-4
3606.55283,11.87348727,1.8E-4
3606.55718,11.87352299,1.6E-4
3606.56153,11.87355528,1.6E-4
3606.56588,11.87354099,1.6E-4
3606.57023,11.87353740,1.7E-4
3606.57457,11.87357700,1.9E-4
3606.57892,11.87352003,1.7E-4
3606.58327,11.87352341,1.6E-4
3606.58762,11.87355428,1.7E-4
3606.59197,11.87360194,2.0E-4
3606.59632,11.87354408,1.8E-4
3606.60066,11.87350462,1.8E-4
3606.60501,11.87344440,1.8E-4
3606.60936,11.87353489,1.8E-4
3606.61371,11.87349675,1.6E-4
3606.61806,11.87353792,1.6E-4
3606.62241,11.87351325,2.0E-4
3672.63937,11.87348990,1.7E-4
3839.57752,11.87335709,1.6E-4
4006.51568,11.87331425,1.8E-4
4173.45383,11.87281372,1.9E-4
4293.18452,11.87266376,1.9E-4
4293.19024,11.87261276,1.7E-4
4293.19595,11.87260905,1.7E-4
4293.20166,11.87251544,1.6E-4
4293.20738,11.87262779,1.8E-4
4293.21309,11.87256395,1.9E-4
4293.21880,11.87259004,1.8E-4
4293.22452,11.87259349,1.8E-4
4293.23023,11.87262686,1.8E-4
4293.23594,11.87261234,1.9E-4
4293.24166,11.87263944,1.6E-4
4293.24737,11.87254839,1.6E-4
4293.25308,11.87263000,1.7E-4
4293.25880,11.87258728,1.9E-4
4293.26451,11.87261167,1.7E-4
4293.27022,11.87263182,1.7E-4
4293.27594,11.87259954,1.7E-4
4293.28165,11.87255195,1.8E-4
4293.28736,11.87256980,1.8E-4
4293.29308,11.87258757,1.9E-4
4293.29879,11.87252269,1.7E-4
4293.30450,11.87255648,1.8E-4
4293.31022,11.87259566,1.7E-4
4293.31593,11.87253785,1.8E-4
4293.32164,11.87259673,1.8E-4
4293.32736,11.87261651,1.8E-4
4293.33307,11.87264771,1.6E-4
4293.33878,11.87261914,1.8E-4
4293.34450,11.87258339,1.7E-4
4293.35021,11.87253567,1.8E-4
4293.35592,11.87267024,1.9E-4
4293.36164,11.87253796,1.8E-4
4293.36735,11.87253921,1.8E-4
4293.37306,11.87257178,1.8E-4
4293.37878,11.87254896,1.7E-4
4293.38449,11.87254435,1.6E-4
4293.39020,11.87256766,1.9E-4
4293.39592,11.87261337,1.7E-4
4293.40163,11.87254973,1.7E-4
4293.40734,11.87263153,1.8E-4
4293.41306,11.87257720,1.6E-4
4293.41877,11.87259831,1.8E-4
4293.42449,11.87252178,1.8E-4
4293.43020,11.87257477,1.7E-4
4293.43591,11.87254039,1.7E-4
4293.44163,11.87254354,1.8E-4
4293.44734,11.87256227,1.9E-4
4293.45305,11.87258784,1.7E-4
4293.45877,11.87260762,1.8E-4
4293.46448,11.87254760,1.8E-4
4293.47019,11.87260499,1.6E-4
4293.47591,11.87260312,1.7E-4
4293.48162,11.87256823,1.8E-4
4293.48733,11.87257480,1.8E-4
4293.49305,11.87258337,1.9E-4
4293.49876,11.87258342,1.8E-4
4293.50447,11.87255307,1.9E-4
4293.51019,11.87253732,1.6E-4
4293.51590,11.87254335,1.9E-4
4293.52161,11.87254116,1.6E-4
4293.52733,11.87253443,1.7E-4
4293.53304,11.87255537,1.8E-4
4293.53875,11.87259224,1.6E-4
4293.54447,11.87262316,1.8E-4
4293.55018,11.87257816,1.7E-4
4293.55589,11.87252909,1.6E-4
4293.56161,11.87256050,1.9E-4
4293.56732,11.87251090,1.9E-4
4293.57303,11.87261849,1.7E-4
4293.57875,11.87260086,1.7E-4
4293.58446,11.87253638,1.6E-4
4293.59017,11.87258512,1.8E-4
4293.59589,11.87257712,1.6E-4
4293.60160,11.87257988,1.9E-4
4293.60731,11.87263474,1.8E-4
4293.61303,11.87261871,1.9E-4
4293.61874,11.87261839,1.8E-4
4293.62445,11.87255262,1.7E-4
4293.63017,11.87261571,1.9E-4
4293.63588,11.87263417,1.7E-4
4340.39198,11.87332761,1.9E-4
4507.33014,11.87298899,1.9E-4
4518.13126,11.87339150,1.7E-4
4518.14640,11.87338107,1.7E-4
4518.16154,11.87342405,1.6E-4
4518.17668,11.87343827,1.9E-4
4518.19182,11.87341461,1.7E-4
4518.20695,11.87334670,1.8E-4
4518.22209,11.87333942,1.9E-4
4518.23723,11.87341431,1.7E-4
4518.25237,11.87339231,1.8E-4
4518.26751,11.87337744,1.9E-4
4518.28265,11.87335931,1.6E-4
4518.29779,11.87341183,1.8E-4
4518.31293,11.87335291,1.8E-4
4518.32807,11.87343320,1.8E-4
4518.34321,11.87340693,1.6E-4
4518.35835,11.87335571,1.8E-4
4518.37349,11.87336085,1.7E-4
4518.38863,11.87337196,1.6E-4
4518.40377,11.87341203,1.6E-4
4518.41891,11.87344007,1.9E-4
4518.43405,11.87331331,1.6E-4
4518.44919,11.87338219,1.9E-4
4518.46433,11.87330182,1.8E-4
4518.47947,11.87336686,1.6E-4
4518.49461,11.87337231,1.7E-4
4518.50975,11.87335162,1.8E-4
4518.52489,11.87338906,1.6E-4
4518.54003,11.87331721,1.9E-4
4518.55517,11.87342366,1.9E-4
4518.57031,11.87340894,1.6E-4
4518.58545,11.87335062,1.8E-4
4518.60059,11.87341624,1.7E-4
4518.61573,11.87339658,1.6E-4
4518.63087,11.87334423,1.7E-4
4518.64601,11.87338037,1.9E-4
4518.66115,11.87333621,1.7E-4
4518.67629,11.87335891,2.0E-4
4518.69143,11.87335310,1.8E-4
4518.70657,11.87341031,1.6E-4
4518.72171,11.87337916,1.9E-4
4518.73685,11.87341219,1.6E-4
4518.75199,11.87333899,1.8E-4
4518.76713,11.87341078,1.8E-4
4518.78227,11.87334878,1.9E-4
4518.79741,11.87344839,1.6E-4
4518.81255,11.87339015,1.7E-4
4518.82769,11.87340642,1.7E-4
4518.84283,11.87341811,1.7E-4
4518.85797,11.87347555,1.9E-4
4518.87311,11.87342924,1.6E-4
4518.88825,11.87334904,1.8E-4
4518.90339,11.87343075,1.7E-4
4518.91853,11.87337071,1.8E-4
4518.93367,11.87340619,1.8E-4
4518.94881,11.87341288,1.7E-4
4518.96395,11.87337738,1.6E-4
4518.97909,11.87342656,1.9E-4
4518.99423,11.87342144,1.7E-4
4519.00937,11.87340858,1.8E-4
4519.02451,11.87335481,1.8E-4
4519.03965,11.87340680,1.9E-4
4519.05479,11.87336377,1.7E-4
4519.06993,11.87343257,1.9E-4
4519.08507,11.87339333,2.0E-4
4519.10021,11.87334926,1.6E-4
4519.11535,11.87338519,1.6E-4
4519.13049,11.87335663,1.7E-4
4519.14563,11.87338840,1.8E-4
4519.16077,11.87334531,1.9E-4
4519.17591,11.87342273,1.9E-4
4519.19105,11.87339793,1.8E-4
4519.20619,11.87341481,1.8E-4
4519.22133,11.87344407,1.7E-4
4519.23647,11.87346124,1.8E-4
4519.25161,11.87337519,1.9E-4
4519.26675,11.87338449,1.7E-4
4519.28188,11.87339374,1.8E-4
4519.29702,11.87345142,1.7E-4
4519.31216,11.87341181,1.7E-4
4519.32730,11.87332545,1.9E-4
4519.34244,11.87340428,1.6E-4
4519.35758,11.87339766,1.7E-4
4519.37272,11.87339653,1.7E-4
4519.38786,11.87337055,1.8E-4
4519.40300,11.87341055,1.7E-4
4519.41814,11.87337744,1.8E-4
4519.43328,11.87337005,1.7E-4
4519.44842,11.87337912,1.8E-4
4519.46356,11.87333353,1.7E-4
4519.47870,11.87339127,1.9E-4
4519.49384,11.87342526,1.8E-4
4519.50898,11.87337316,1.8E-4
4519.52412,11.87342416,1.7E-4
4519.53926,11.87336015,1.8E-4
4519.55440,11.87341406,1.7E-4
4519.56954,11.87340771,1.9E-4
4519.58468,11.87337148,1.8E-4
4519.59982,11.87335297,2.0E-4
4519.61496,11.87341249,1.6E-4
4519.63010,11.87343856,1.6E-4
4519.64524,11.87341191,1.6E-4
4519.66038,11.87339281,1.9E-4
4519.67552,11.87335742,1.9E-4
4519.69066,11.87339360,1.8E-4
4519.70580,11.87341967,1.9E-4
4519.72094,11.87338565,1.7E-4
4519.73608,11.87337066,1.7E-4
4519.75122,11.87337695,1.9E-4
4519.76636,11.87339782,1.9E-4
4519.78150,11.87337554,1.9E-4
4519.79664,11.87339037,1.8E-4
4519.81178,11.87338348,1.7E-4
4519.82692,11.87338897,1.9E-4
4519.84206,11.87344117,1.7E-4
4519.85720,11.87335294,1.9E-4
4519.87234,11.87339108,1.8E-4
4519.88748,11.87337208,1.7E-4
4519.90262,11.87338681,1.7E-4
4519.91776,11.87344644,1.8E-4
4519.93290,11.87337919,1.9E-4
4674.26829,11.87343257,1.8E-4
4841.20644,11.87348152,1.7E-4
5008.14459,11.87354640,1.9E-4
5175.08275,11.87351883,1.7E-4
5342.02090,11.87338533,1.7E-4
5508.95905,11.87358046,1.9E-4
5675.89721,11.87337838,1.6E-4
5842.83536,11.87342592,1.8E-4
6009.77351,11.87350211,1.7E-4
6176.71167,11.87303912,1.7E-4
6343.64982,11.87280879,1.9E-4
6471.94302,11.87333580,1.7E-4
6471.95141,11.87338906,1.6E-4
6471.95980,11.87336848,1.6E-4
6471.96819,11.87337905,1.6E-4
6471.97659,11.87338798,1.8E-4
6471.98498,11.87341075,1.7E-4
6471.99337,11.87340898,1.8E-4
6472.00176,11.87340741,1.7E-4
6472.01015,11.87332892,1.7E-4
6472.01855,11.87335787,1.9E-4
6472.02694,11.87336499,1.7E-4
6472.03533,11.87340313,1.7E-4
6472.04372,11.87340175,1.6E-4
6472.05212,11.87335905,1.7E-4
6472.06051,11.87337328,1.8E-4
6472.06890,11.87335830,1.8E-4
6472.07729,11.87329972,1.8E-4
6472.08568,11.87334624,1.6E-4
6472.09408,11.87334661,1.9E-4
6472.10247,11.87335027,1.7E-4
6472.11086,11.87334532,1.8E-4
6472.11925,11.87335452,1.8E-4
6472.12765,11.87343438,1.7E-4
6472.13604,11.87336001,1.8E-4
6472.14443,11.87340497,1.7E-4
6472.15282,11.87338947,1.9E-4
6472.16121,11.87340698,1.7E-4
6472.16961,11.87335395,1.8E-4
6472.17800,11.87341358,1.6E-4
6472.18639,11.87335917,1.6E-4
6472.19478,11.87331674,1.7E-4
6472.20318,11.87339996,1.9E-4
6472.21157,11.87337219,1.6E-4
6472.21996,11.87334782,1.8E-4
6472.22835,11.87338087,1.6E-4
6472.23674,11.87335633,1.7E-4
6472.24514,11.87337440,1.6E-4
6472.25353,11.87331286,1.7E-4
6472.26192,11.87339831,1.7E-4
6472.27031,11.87337618,1.9E-4
6472.27870,11.87338979,1.6E-4
6472.28710,11.87344487,1.9E-4
6472.29549,11.87333006,1.6E-4
6472.30388,11.87335809,1.6E-4
6472.31227,11.87336541,1.8E-4
6472.32067,11.87338701,1.8E-4
6472.32906,11.87338880,1.6E-4
6472.33745,11.87335477,1.7E-4
6472.34584,11.87329044,1.9E-4
6472.35423,11.87338749,1.6E-4
6472.36263,11.87339255,1.8E-4
6472.37102,11.87337721,1.7E-4
6472.37941,11.87341727,1.7E-4
6472.38780,11.87335621,1.6E-4
6472.39620,11.87334678,1.9E-4
6472.40459,11.87334965,1.7E-4
6472.41298,11.87331444,1.8E-4
6472.42137,11.87341327,1.6E-4
6472.42976,11.87335686,1.8E-4
6472.43816,11.87336268,1.9E-4
6472.44655,11.87340262,2.0E-4
6472.45494,11.87333873,1.8E-4
6472.46333,11.87341109,1.7E-4
6472.47173,11.87333527,1.8E-4
6472.48012,11.87335170,1.9E-4
6472.48851,11.87335734,1.7E-4
6472.49690,11.87341267,1.6E-4
6472.50529,11.87332541,2.0E-4
6472.51369,11.87335212,1.7E-4
6472.52208,11.87342765,1.8E-4
6472.53047,11.87334830,1.7E-4
6472.53886,11.87340780,1.9E-4
6472.54726,11.87339697,1.9E-4
6472.55565,11.87338582,1.6E-4
6472.56404,11.87332510,1.7E-4
6472.57243,11.87336749,1.9E-4
6472.58082,11.87335074,1.8E-4
6472.58922,11.87339690,1.6E-4
6472.59761,11.87338665,1.6E-4
6472.60600,11.87338844,1.6E-4
6510.58797,11.87318001,1.8E-4
6541.45337,11.87333492,1.8E-4
6541.46851,11.87327888,1.9E-4
6541.48365,11.87332114,1.6E-4
6541.49879,11.87331596,1.6E-4
6541.51393,11.87336911,1.8E-4
6541.52907,11.87334827,1.8E-4
6541.54421,11.87331892,1.9E-4
6541.55935,11.87336049,1.8E-4
6541.57449,11.87332470,1.7E-4
6541.58963,11.87328256,1.9E-4
6541.60477,11.87339043,1.6E-4
6541.61991,11.87335964,1.9E-4
6541.63505,11.87332704,1.7E-4
6541.65019,11.87332730,1.8E-4
6541.66533,11.87335818,1.9E-4
6541.68047,11.87328297,1.8E-4
6541.69561,11.87335184,1.7E-4
6541.71075,11.87329910,1.7E-4
6541.72589,11.87332385,1.9E-4
6541.74103,11.87323136,1.8E-4
6541.75617,11.87334050,1.7E-4
6541.77131,11.87336874,1.8E-4
6541.78645,11.87334210,1.7E-4
6541.80159,11.87330252,1.9E-4
6541.81673,11.87327619,1.8E-4
6541.83187,11.87334776,1.9E-4
6541.84701,11.87330817,1.9E-4
6541.86215,11.87334421,1.6E-4
6541.87729,11.87334123,1.9E-4
6541.89243,11.87331402,1.6E-4
6541.90757,11.87328815,1.9E-4
6541.92271,11.87335095,1.9E-4
6541.93785,11.87330464,1.6E-4
6541.95299,11.87332378,1.7E-4
6541.96813,11.87331423,1.9E-4
6541.98327,11.87337453,1.6E-4
6541.99841,11.87334955,1.8E-4
6542.01355,11.87332062,1.6E-4
6542.02869,11.87335796,1.9E-4
6542.04383,11.87328674,1.7E-4
6542.05897,11.87341005,1.8E-4
6542.07411,11.87340256,1.9E-4
6542.08925,11.87333735,1.6E-4
6542.10439,11.87330549,1.7E-4
6542.11953,11.87333640,1.8E-4
6542.13467,11.87338102,1.9E-4
6542.14981,11.87331037,1.8E-4
6542.16495,11.87337194,1.9E-4
6542.18009,11.87330243,1.7E-4
6542.19523,11.87335076,1.7E-4
6542.21037,11.87334156,1.7E-4
6542.22551,11.87329215,1.9E-4
6542.24065,11.87334664,1.7E-4
6542.25579,11.87333081,1.6E-4
6542.27093,11.87338643,1.6E-4
6542.28607,11.87331442,1.9E-4
6542.30121,11.87325864,1.8E-4
6542.31635,11.87330703,1.8E-4
6542.33149,11.87331034,1.7E-4
6542.34663,11.87333051,1.8E-4
6542.36177,11.87335832,1.9E-4
6542.37691,11.87333413,1.6E-4
6542.39205,11.87334484,1.7E-4
6542.40719,11.87332844,1.8E-4
6542.42233,11.87336173,1.7E-4
6542.43747,11.87327503,1.9E-4
6542.45261,11.87328618,1.8E-4
6542.46775,11.87328302,1.7E-4
6542.48289,11.87336358,1.6E-4
6542.49803,11.87330960,1.8E-4
6542.51316,11.87338741,1.9E-4
6542.52830,11.87328685,1.6E-4
6542.54344,11.87328880,1.9E-4
6542.55858,11.87332304,1.9E-4
6542.57372,11.87330640,2.0E-4
6542.58886,11.87334624,1.9E-4
6542.60400,11.87335846,1.7E-4
6542.61914,11.87332421,1.6E-4
6542.63428,11.87327816,1.9E-4
6542.64942,11.87330739,1.6E-4
6542.66456,11.87329464,1.8E-4
6542.67970,11.87331101,1.6E-4
6542.69484,11.87328505,1.7E-4
6542.70998,11.87333834,1.9E-4
6542.72512,11.87332957,1.7E-4
6542.74026,11.87332127,1.9E-4
6542.75540,11.87336496,1.7E-4
6542.77054,11.87333573,1.8E-4
6542.78568,11.87332569,1.9E-4
6542.80082,11.87332448,1.9E-4
6542.81596,11.87334170,1.7E-4
6542.83110,11.87333891,1.8E-4
6542.84624,11.87334942,1.9E-4
6542.86138,11.87330565,1.6E-4
6542.87652,11.87336275,1.8E-4
6542.89166,11.87330157,1.9E-4
6542.90680,11.87335368,1.7E-4
6542.92194,11.87330954,1.6E-4
6542.93708,11.87331162,1.6E-4
6542.95222,11.87330901,1.9E-4
6542.96736,11.87332210,1.6E-4
6542.98250,11.87332391,1.9E-4
6542.99764,11.87333030,1.7E-4
6543.01278,11.87336895,1.7E-4
6543.02792,11.87332103,1.7E-4
6543.04306,11.87333256,1.9E-4
6543.05820,11.87328814,1.6E-4
6543.07334,11.87332880,1.9E-4
6543.08848,11.87330619,1.8E-4
6543.10362,11.87339622,1.7E-4
6543.11876,11.87336137,1.9E-4
6543.13390,11.87332795,1.9E-4
6543.14904,11.87333974,1.8E-4
6543.16418,11.87331187,1.8E-4
6543.17932,11.87338195,1.8E-4
6543.19446,11.87334677,1.6E-4
6543.20960,11.87337881,1.7E-4
6543.22474,11.87336065,1.6E-4
6543.23988,11.87335838,1.7E-4
6543.25502,11.87332514,1.7E-4
6619.61275,11.87319788,1.9E-4
6619.62789,11.87328184,1.9E-4
6619.64303,11.87330889,1.9E-4
6619.65817,11.87326077,1.6E-4
6619.67331,11.87328059,1.7E-4
6619.68845,11.87324785,1.9E-4
6619.70359,11.87321899,1.9E-4
6619.71873,11.87322671,1.8E-4
6619.73387,11.87320039,1.7E-4
6619.74901,11.87327326,1.7E-4
6619.76415,11.87324164,1.7E-4
6619.77929,11.87323156,1.9E-4
6619.79443,11.87324737,1.9E-4
6619.80957,11.87328270,1.8E-4
6619.82471,11.87323868,1.7E-4
6619.83985,11.87330762,1.8E-4
6619.85499,11.87322621,1.9E-4
6619.87013,11.87325753,1.6E-4
6619.88527,11.87327890,1.8E-4
6619.90041,11.87329438,1.8E-4
6619.91555,11.87324349,1.8E-4
6619.93069,11.87324772,1.6E-4
6619.94583,11.87324338,1.9E-4
6619.96097,11.87326503,1.6E-4
6619.97611,11.87327200,1.8E-4
6619.99125,11.87327670,1.9E-4
6620.00639,11.87331218,1.8E-4
6620.02153,11.87326066,1.7E-4
6620.03667,11.87324672,1.7E-4
6620.05181,11.87325893,1.8E-4
6620.06695,11.87328035,1.8E-4
6620.08209,11.87322235,1.6E-4
6620.09723,11.87327346,1.9E-4
6620.11237,11.87333239,1.8E-4
6620.12751,11.87326798,1.8E-4
6620.14265,11.87337060,1.8E-4
6620.15779,11.87331113,1.8E-4
6620.17293,11.87323534,1.7E-4
6620.18807,11.87327566,1.9E-4
6620.20321,11.87328635,1.8E-4
6620.21835,11.87327552,1.9E-4
6620.23349,11.87322343,1.8E-4
6620.24863,11.87330850,1.9E-4
6620.26377,11.87327445,1.9E-4
6620.27891,11.87325034,1.9E-4
6620.29405,11.87325814,1.6E-4
6620.30919,11.87326071,1.6E-4
6620.32433,11.87323861,1.8E-4
6620.33947,11.87326724,1.9E-4
6620.35461,11.87331682,1.8E-4
6620.36975,11.87327932,1.9E-4
6620.38489,11.87327885,1.7E-4
6620.40003,11.87326687,1.9E-4
6620.41517,11.87327603,1.6E-4
6620.43031,11.87327777,1.6E-4
6620.44545,11.87329418,1.9E-4
6620.46059,11.87322263,1.8E-4
6620.47573,11.87326063,1.8E-4
6620.49087,11.87325618,1.6E-4
6620.50601,11.87324781,1.6E-4
6620.52115,11.87329821,1.7E-4
6620.53629,11.87336512,1.8E-4
6620.55143,11.87326835,1.9E-4
6620.56657,11.87325503,1.8E-4
6620.58171,11.87330707,1.9E-4
6620.59685,11.87331494,1.8E-4
6620.61199,11.87325440,1.9E-4
6620.62712,11.87325386,1.7E-4
6620.64226,11.87321716,1.7E-4
6620.65740,11.87326358,1.9E-4
6620.67254,11.87326787,1.9E-4
6620.68768,11.87327528,1.8E-4
6620.70282,11.87328745,1.8E-4
6620.71796,11.87331111,1.7E-4
6620.73310,11.87328017,1.8E-4
6620.74824,11.87330364,1.9E-4
6620.76338,11.87326377,1.9E-4
6620.77852,11.87327308,1.7E-4
6620.79366,11.87327537,1.8E-4
6620.80880,11.87329365,1.9E-4
6620.82394,11.87327399,1.6E-4
6620.83908,11.87324924,1.9E-4
6620.85422,11.87324619,1.6E-4
6620.86936,11.87329548,1.9E-4
6620.88450,11.87332315,1.6E-4
6620.89964,11.87328844,1.8E-4
6620.91478,11.87329159,1.8E-4
6620.92992,11.87326731,1.6E-4
6620.94506,11.87327326,1.9E-4
6620.96020,11.87330732,1.8E-4
6620.97534,11.87327116,1.8E-4
6620.99048,11.87326052,1.9E-4
6621.00562,11.87330311,1.6E-4
6621.02076,11.87326421,1.7E-4
6621.03590,11.87329640,1.6E-4
6621.05104,11.87327720,1.6E-4
6621.06618,11.87328789,1.6E-4
6621.08132,11.87324537,1.8E-4
6621.09646,11.87325195,1.8E-4
6621.11160,11.87336261,1.9E-4
6621.12674,11.87325227,1.9E-4
6621.14188,11.87324663,1.8E-4
6621.15702,11.87329380,1.9E-4
6621.17216,11.87326507,1.7E-4
6621.18730,11.87329073,1.7E-4
6621.20244,11.87328843,1.7E-4
6621.21758,11.87335529,1.9E-4
6621.23272,11.87323204,1.7E-4
6621.24786,11.87330610,1.6E-4
6621.26300,11.87334590,1.7E-4
6621.27814,11.87333217,1.7E-4
6621.29328,11.87329317,1.6E-4
6621.30842,11.87326995,1.7E-4
6621.32356,11.87337079,1.7E-4
6621.33870,11.87331183,1.8E-4
6621.35384,11.87327561,1.8E-4
6621.36898,11.87324793,1.8E-4
6621.38412,11.87324339,1.9E-4
6621.39926,11.87333943,1.8E-4
6621.41440,11.87326985,1.9E-4
6677.52613,11.87333810,1.8E-4
6804.41443,11.87324622,1.8E-4
6804.42957,11.87325849,1.6E-4
6804.44471,11.87322982,1.7E-4
6804.45985,11.87327659,1.7E-4
6804.47499,11.87328179,1.9E-4
6804.49013,11.87327701,1.6E-4
6804.50527,11.87328441,1.7E-4
6804.52041,11.87323364,1.6E-4
6804.53555,11.87323872,1.6E-4
6804.55069,11.87326022,1.8E-4
6804.56583,11.87322822,1.6E-4
6804.58097,11.87325101,1.7E-4
6804.59611,11.87329937,1.6E-4
6804.61125,11.87324605,1.7E-4
6804.62639,11.87325758,1.8E-4
6804.64153,11.87328319,1.7E-4
6804.65667,11.87324560,1.7E-4
6804.67181,11.87323027,1.6E-4
6804.68695,11.87327224,1.7E-4
6804.70209,11.87324430,1.8E-4
6804.71723,11.87328206,1.7E-4
6804.73237,11.87331548,1.8E-4
6804.74751,11.87326298,1.9E-4
6804.76265,11.87331290,1.8E-4
6804.77779,11.87330040,1.9E-4
6804.79293,11.87331684,1.8E-4
6804.80807,11.87326140,1.6E-4
6804.82321,11.87319742,1.7E-4
6804.83835,11.87326686,1.6E-4
6804.85349,11.87325825,1.8E-4
6804.86863,11.87323776,1.8E-4
6804.88377,11.87326953,1.8E-4
6804.89891,11.87328605,1.7E-4
6804.91405,11.87328039,1.7E-4
6804.92919,11.87327082,1.8E-4
6804.94433,11.87323084,1.6E-4
6804.95947,11.87323362,2.0E-4
6804.97461,11.87327718,1.7E-4
6804.98975,11.87324968,1.8E-4
6805.00489,11.87325482,1.7E-4
6805.02003,11.87327504,1.7E-4
6805.03517,11.87322558,1.9E-4
6805.05031,11.87331149,1.6E-4
6805.06545,11.87326114,1.6E-4
6805.08059,11.87326814,1.8E-4
6805.09572,11.87322692,1.8E-4
6805.11086,11.87330465,1.6E-4
6805.12600,11.87325972,2.0E-4
6805.14114,11.87319022,1.7E-4
6805.15628,11.87326365,1.6E-4
6805.17142,11.87326640,1.7E-4
6805.18656,11.87324626,1.6E-4
6805.20170,11.87323373,1.9E-4
6805.21684,11.87325781,1.8E-4
6805.23198,11.87325656,1.9E-4
6805.24712,11.87331021,1.7E-4
6805.26226,11.87326689,1.8E-4
6805.27740,11.87330642,1.9E-4
6805.29254,11.87326077,1.8E-4
6805.30768,11.87327098,2.0E-4
6805.32282,11.87324057,1.8E-4
6805.33796,11.87331030,1.6E-4
6805.35310,11.87325325,1.7E-4
6805.36824,11.87329323,1.7E-4
6805.38338,11.87327078,1.7E-4
6805.39852,11.87327466,1.8E-4
6805.41366,11.87324966,1.8E-4
6805.42880,11.87327650,1.6E-4
6805.44394,11.87325153,1.9E-4
6805.45908,11.87324991,1.6E-4
6805.47422,11.87327856,1.8E-4
6805.48936,11.87323967,1.8E-4
6805.50450,11.87329411,1.6E-4
6805.51964,11.87324157,1.8E-4
6805.53478,11.87330153,1.7E-4
6805.54992,11.87331392,1.9E-4
6805.56506,11.87327046,1.9E-4
6805.58020,11.87326000,1.8E-4
6805.59534,11.87322305,1.7E-4
6805.61048,11.87334140,1.6E-4
6805.62562,11.87323418,1.9E-4
6805.64076,11.87321628,1.9E-4
6805.65590,11.87329382,1.9E-4
6805.67104,11.87329541,1.9E-4
6805.68618,11.87326865,1.8E-4
6805.70132,11.87328698,1.9E-4
6805.71646,11.87329961,1.7E-4
6805.73160,11.87323572,1.7E-4
6805.74674,11.87326574,1.9E-4
6805.76188,11.87327399,1.8E-4
6805.77702,11.87327884,1.8E-4
6805.79216,11.87332141,1.7E-4
6805.80730,11.87326441,2.0E-4
6805.82244,11.87330262,1.9E-4
6805.83758,11.87330985,1.7E-4
6805.85272,11.87335665,1.7E-4
6805.86786,11.87325980,1.9E-4
6805.88300,11.87331113,1.8E-4
6805.89814,11.87335467,1.9E-4
6805.91328,11.87330429,1.6E-4
6805.92842,11.87327357,1.8E-4
6805.94356,11.87321496,1.6E-4
6805.95870,11.87327380,1.7E-4
6805.97384,11.87324900,1.7E-4
6805.98898,11.87326869,1.7E-4
6806.00412,11.87327059,1.9E-4
6806.01926,11.87327050,1.9E-4
6806.03440,11.87322508,1.9E-4
6806.04954,11.87330346,1.9E-4
6806.06468,11.87319227,1.9E-4
6806.07982,11.87330101,1.8E-4
6806.09496,11.87325729,1.7E-4
6806.11010,11.87328302,1.7E-4
6806.12524,11.87330407,1.8E-4
6806.14038,11.87327772,1.8E-4
6806.15551,11.87325896,1.7E-4
6806.17065,11.87322959,1.8E-4
6806.18579,11.87328522,1.7E-4
6806.20093,11.87332057,1.8E-4
6806.21607,11.87332828,1.8E-4
6844.46428,11.87329086,1.6E-4
7011.40243,11.87333209,1.8E-4
7159.02289,11.87282269,1.9E-4
7159.03056,11.87284388,1.6E-4
7159.03823,11.87281886,1.6E-4
7159.04590,11.87278718,1.6E-4
7159.05356,11.87275329,1.8E-4
7159.06123,11.87282451,1.8E-4
7159.06890,11.87280597,1.9E-4
7159.07657,11.87278643,1.8E-4
7159.08424,11.87281377,1.7E-4
7159.09190,11.87278986,1.7E-4
7159.09957,11.87279076,1.6E-4
7159.10724,11.87274164,1.6E-4
7159.11491,11.87276818,1.6E-4
7159.12257,11.87276016,1.7E-4
7159.13024,11.87279300,1.6E-4
7159.13791,11.87279426,1.8E-4
7159.14558,11.87271459,1.9E-4
7159.15325,11.87274800,1.9E-4
7159.16091,11.87278959,1.8E-4
7159.16858,11.87270070,1.8E-4
7159.17625,11.87276899,1.7E-4
7159.18392,11.87274992,1.9E-4
7159.19159,11.87277491,1.7E-4
7159.19925,11.87273565,1.6E-4
7159.20692,11.87266476,1.8E-4
7159.21459,11.87276276,1.6E-4
7159.22226,11.87276204,1.8E-4
7159.22992,11.87276283,1.8E-4
7159.23759,11.87276498,1.8E-4
7159.24526,11.87269020,1.9E-4
7159.25293,11.87270012,1.7E-4
7159.26060,11.87269653,1.9E-4
7159.26826,11.87269855,1.7E-4
7159.27593,11.87275022,1.8E-4
7159.28360,11.87270774,1.9E-4
7159.29127,11.87273881,1.7E-4
7159.29894,11.87278331,1.7E-4
7159.30660,11.87272236,1.6E-4
7159.31427,11.87276036,1.8E-4
7159.32194,11.87273510,1.7E-4
7159.32961,11.87273616,1.6E-4
7159.33727,11.87270431,1.6E-4
7159.34494,11.87271796,1.6E-4
7159.35261,11.87273300,1.7E-4
7159.36028,11.87270711,1.6E-4
7159.36795,11.87271020,1.8E-4
7159.37561,11.87274027,1.8E-4
7159.38328,11.87272179,1.6E-4
7159.39095,11.87269155,1.6E-4
7159.39862,11.87274548,1.7E-4
7159.40628,11.87270669,1.9E-4
7159.41395,11.87273964,1.9E-4
7159.42162,11.87269719,1.8E-4
7159.42929,11.87272725,1.9E-4
7159.43696,11.87271383,1.8E-4
7159.44462,11.87274026,1.7E-4
7159.45229,11.87262862,1.6E-4
7159.45996,11.87279704,1.8E-4
7159.46763,11.87274634,1.9E-4
7159.47530,11.87272609,1.9E-4
7159.48296,11.87277607,1.7E-4
7159.49063,11.87271065,1.8E-4
7159.49830,11.87273943,1.9E-4
7159.50597,11.87272919,1.8E-4
7159.51363,11.87272147,1.8E-4
7159.52130,11.87269596,1.6E-4
7159.52897,11.87276100,1.9E-4
7159.53664,11.87271834,1.7E-4
7159.54431,11.87274401,1.7E-4
7159.55197,11.87276628,1.9E-4
7159.55964,11.87270668,1.9E-4
7159.56731,11.87284346,1.8E-4
7159.57498,11.87276934,1.7E-4
7159.58265,11.87278571,1.6E-4
7159.59031,11.87279972,1.6E-4
7159.59798,11.87268543,1.8E-4
7159.60565,11.87273599,1.6E-4
7159.61332,11.87269884,1.6E-4
7159.62098,11.87280763,1.8E-4
7159.62865,11.87279949,1.7E-4
7178.34059,11.87330230,1.7E-4
7295.50851,11.87331693,1.9E-4
7295.52365,11.87328185,1.6E-4
7295.53879,11.87332201,1.7E-4
7295.55393,11.87332415,1.9E-4
7295.56907,11.87331520,1.9E-4
7295.58421,11.87331227,1.9E-4
7295.59935,11.87319637,1.9E-4
7295.61449,11.87328773,1.6E-4
7295.62963,11.87335906,1.6E-4
7295.64477,11.87330910,1.8E-4
7295.65991,11.87334112,1.9E-4
7295.67505,11.87326284,1.9E-4
7295.69019,11.87320064,1.9E-4
7295.70533,11.87330785,1.8E-4
7295.72047,11.87324342,1.8E-4
7295.73561,11.87326711,1.7E-4
7295.75075,11.87324119,1.9E-4
7295.76589,11.87330886,1.6E-4
7295.78103,11.87328689,1.8E-4
7295.79617,11.87322545,1.7E-4
7295.81131,11.87332341,1.8E-4
7295.82644,11.87331332,1.8E-4
7295.84158,11.87330805,1.7E-4
7295.85672,11.87321066,1.6E-4
7295.87186,11.87329365,1.8E-4
7295.88700,11.87335615,1.7E-4
7295.90214,11.87328785,1.9E-4
7295.91728,11.87332705,1.8E-4
7295.93242,11.87327616,1.7E-4
7295.94756,11.87328328,1.6E-4
7295.96270,11.87328987,1.7E-4
7295.97784,11.87334759,1.7E-4
7295.99298,11.87330716,1.6E-4
7296.00812,11.87338474,1.9E-4
7296.02326,11.87332639,1.6E-4
7296.03840,11.87328164,1.9E-4
7296.05354,11.87333734,1.7E-4
7296.06868,11.87338370,1.6E-4
7296.08382,11.87332356,1.8E-4
7296.09896,11.87331135,1.9E-4
7296.11410,11.87326910,1.7E-4
7296.12924,11.87331674,1.7E-4
7296.14438,11.87330322,1.6E-4
7296.15952,11.87332779,1.9E-4
7296.17466,11.87328722,1.6E-4
7296.18980,11.87337573,1.7E-4
7296.20494,11.87331748,1.7E-4
7296.22008,11.87337815,1.6E-4
7296.23522,11.87335718,1.7E-4
7296.25036,11.87329010,1.9E-4
7296.26550,11.87331696,1.8E-4
7296.28064,11.87332171,1.9E-4
7296.29578,11.87335717,1.7E-4
7296.31092,11.87336457,1.8E-4
7296.32606,11.87338022,1.6E-4
7296.34120,11.87330093,1.7E-4
7296.35634,11.87334730,1.8E-4
7296.37148,11.87339098,1.8E-4
7296.38662,11.87335944,1.8E-4
7296.40176,11.87334324,1.6E-4
7296.41690,11.87334463,1.7E-4
7296.43204,11.87336613,1.6E-4
7296.44718,11.87334450,1.7E-4
7296.46232,11.87333996,1.9E-4
7296.47746,11.87335039,1.9E-4
7296.49260,11.87334189,1.8E-4
7296.50774,11.87328425,1.7E-4
7296.52288,11.87331067,1.6E-4
7296.53802,11.87341714,1.9E-4
7296.55316,11.87333435,1.6E-4
7296.56830,11.87335984,1.8E-4
7296.58344,11.87333373,1.7E-4
7296.59858,11.87334384,1.9E-4
7296.61372,11.87338711,1.7E-4
7296.62886,11.87337404,1.9E-4
7296.64400,11.87342879,1.7E-4
7296.65914,11.87341735,1.9E-4
7296.67428,11.87335742,1.7E-4
7296.68942,11.87334583,1.9E-4
7296.70456,11.87334707,1.9E-4
7296.71970,11.87340038,1.8E-4
7296.73484,11.87331435,1.7E-4
7296.74998,11.87339405,1.7E-4
7296.76512,11.87337415,1.8E-4
7296.78026,11.87338243,1.9E-4
7296.79540,11.87332331,1.7E-4
7296.81054,11.87339790,1.6E-4
7296.82568,11.87335146,2.0E-4
7296.84082,11.87334981,1.7E-4
7296.85596,11.87334912,1.8E-4
7296.87110,11.87337135,1.6E-4
7296.88624,11.87337495,1.9E-4
7296.90137,11.87338257,1.6E-4
7296.91651,11.87331331,1.8E-4
7296.93165,11.87340277,1.7E-4
7296.94679,11.87339804,1.7E-4
7296.96193,11.87335949,1.7E-4
7296.97707,11.87334779,1.7E-4
7296.99221,11.87340784,1.7E-4
7297.00735,11.87337814,1.6E-4
7297.02249,11.87339555,1.9E-4
7297.03763,11.87343210,1.7E-4
7297.05277,11.87338217,1.9E-4
7297.06791,11.87339338,1.8E-4
7297.08305,11.87336122,1.8E-4
7297.09819,11.87334575,1.6E-4
7297.11333,11.87336288,1.8E-4
7297.12847,11.87335066,1.7E-4
7297.14361,11.87340074,1.8E-4
7297.15875,11.87335677,1.8E-4
7297.17389,11.87331406,1.6E-4
7297.18903,11.87336922,1.7E-4
7297.20417,11.87334172,1.7E-4
7297.21931,11.87332941,1.7E-4
7297.23445,11.87338195,1.8E-4
7297.24959,11.87337238,1.9E-4
7297.26473,11.87332631,1.8E-4
7297.27987,11.87334795,1.8E-4
7297.29501,11.87338083,1.7E-4
7297.31015,11.87343607,1.9E-4
7345.27874,11.87355271,1.6E-4
7512.21689,11.87340393,1.7E-4
7679.15505,11.87316544,1.7E-4
7846.09320,11.87352117,1.6E-4
7904.98510,11.87327231,1.7E-4
7904.99198,11.87326744,1.8E-4
7904.99885,11.87326425,1.8E-4
7905.00572,11.87324495,1.6E-4
7905.01260,11.87322682,1.9E-4
7905.01947,11.87322237,1.6E-4
7905.02634,11.87323623,1.6E-4
7905.03321,11.87326627,1.9E-4
7905.04009,11.87328923,1.8E-4
7905.04696,11.87321693,1.9E-4
7905.05383,11.87327524,1.9E-4
7905.06071,11.87324663,1.9E-4
7905.06758,11.87327397,1.8E-4
7905.07445,11.87325074,1.8E-4
7905.08132,11.87321204,1.6E-4
7905.08820,11.87324124,1.7E-4
7905.09507,11.87320255,1.6E-4
7905.10194,11.87327180,1.8E-4
7905.10882,11.87318263,1.6E-4
7905.11569,11.87321248,1.7E-4
7905.12256,11.87323671,1.6E-4
7905.12943,11.87324209,1.8E-4
7905.13631,11.87328675,1.9E-4
7905.14318,11.87322821,1.8E-4
7905.15005,11.87326557,1.8E-4
7905.15693,11.87327812,1.7E-4
7905.16380,11.87328994,1.8E-4
7905.17067,11.87328114,1.6E-4
7905.17754,11.87323591,1.7E-4
7905.18442,11.87324121,1.8E-4
7905.19129,11.87328294,1.7E-4
7905.19816,11.87324791,1.8E-4
7905.20503,11.87316279,1.9E-4
7905.21191,11.87323661,1.8E-4
7905.21878,11.87321571,1.6E-4
7905.22565,11.87320102,1.6E-4
7905.23253,11.87319501,1.8E-4
7905.23940,11.87323133,1.7E-4
7905.24627,11.87328175,1.6E-4
7905.25314,11.87327193,1.6E-4
7905.26002,11.87322782,1.7E-4
7905.26689,11.87323574,1.9E-4
7905.27376,11.87324420,1.9E-4
7905.28064,11.87321902,1.6E-4
7905.28751,11.87325864,1.8E-4
7905.29438,11.87330991,1.9E-4
7905.30125,11.87323441,1.8E-4
7905.30813,11.87322590,1.6E-4
7905.31500,11.87322575,1.6E-4
7905.32187,11.87323896,1.8E-4
7905.32875,11.87322522,1.9E-4
7905.33562,11.87323932,1.6E-4
7905.34249,11.87323679,1.9E-4
7905.34936,11.87321735,2.0E-4
7905.35624,11.87322886,1.9E-4
7905.36311,11.87322429,1.7E-4
7905.36998,11.87322528,1.6E-4
7905.37686,11.87320882,1.9E-4
7905.38373,11.87320821,1.9E-4
7905.39060,11.87324504,1.7E-4
7905.39747,11.87322319,1.8E-4
7905.40435,11.87325908,1.9E-4
7905.41122,11.87320614,1.7E-4
7905.41809,11.87324034,1.7E-4
7905.42497,11.87323727,1.9E-4
7905.43184,11.87324771,1.6E-4
7905.43871,11.87315647,1.9E-4
7905.44558,11.87323641,1.6E-4
7905.45246,11.87320067,1.7E-4
7905.45933,11.87318954,1.6E-4
7905.46620,11.87312287,1.6E-4
7905.47307,11.87324072,1.7E-4
7905.47995,11.87322190,1.7E-4
7905.48682,11.87325313,1.6E-4
7905.49369,11.87322654,1.9E-4
7905.50057,11.87321276,1.7E-4
7905.50744,11.87318536,1.9E-4
7905.51431,11.87322338,1.7E-4
7905.52118,11.87317358,1.7E-4
7905.52806,11.87318171,1.7E-4
8013.03135,11.87321217,1.6E-4
8176.75866,11.87323709,1.6E-4
8176.80065,11.87324082,1.7E-4
8176.84264,11.87323036,1.7E-4
8176.88463,11.87327133,1.6E-4
8176.92663,11.87325451,1.7E-4
8176.96862,11.87319945,1.9E-4
8177.01061,11.87320839,1.7E-4
8177.05260,11.87324530,1.6E-4
8177.09460,11.87321606,1.7E-4
8177.13659,11.87324081,1.7E-4
8177.17858,11.87318279,1.6E-4
8177.22057,11.87325264,1.6E-4
8177.26257,11.87325783,1.9E-4
8177.30456,11.87328797,1.6E-4
8177.34655,11.87323601,1.9E-4
8177.38854,11.87318123,1.8E-4
8177.43053,11.87324118,1.8E-4
8177.47253,11.87321651,1.7E-4
8177.51452,11.87318000,1.8E-4
8177.55651,11.87323052,1.7E-4
8177.59850,11.87320778,1.6E-4
8177.64050,11.86916562,1.7E-4
8177.68249,11.85306809,1.9E-4
8177.72448,11.84226929,1.8E-4
8177.76647,11.83865488,1.8E-4
8177.80847,11.83593358,1.8E-4
8177.85046,11.83384462,1.9E-4
8177.89245,11.83217172,1.9E-4
8177.93444,11.83074353,1.9E-4
8177.97644,11.82969170,1.8E-4
8178.01843,11.82861457,1.9E-4
8178.06042,11.82788945,1.6E-4
8178.10241,11.82717465,1.9E-4
8178.14440,11.82657474,1.7E-4
8178.18640,11.82615392,1.8E-4
8178.22839,11.82578177,1.8E-4
8178.27038,11.82547108,1.6E-4
8178.31237,11.82530685,1.6E-4
8178.35437,11.82507834,1.9E-4
8178.39636,11.82511425,1.7E-4
8178.43835,11.82509654,1.9E-4
8178.48034,11.82517996,1.8E-4
8178.52234,11.82529059,1.8E-4
8178.56433,11.82546126,1.6E-4
8178.60632,11.82570085,1.6E-4
8178.64831,11.82613178,1.6E-4
8178.69030,11.82657190,1.7E-4
8178.73230,11.82724282,1.6E-4
8178.77429,11.82787354,1.7E-4
8178.81628,11.82862269,1.7E-4
8178.85827,11.82965063,1.9E-4
8178.90027,11.83078200,1.7E-4
8178.94226,11.83221795,1.7E-4
8178.98425,11.83383164,1.8E-4
8179.02624,11.83595081,1.7E-4
8179.06824,11.83866214,1.9E-4
8179.11023,11.84226203,1.9E-4
8179.15222,11.85310347,1.8E-4
8179.19421,11.86921153,1.8E-4
8179.23621,11.87323526,1.6E-4
8179.27820,11.87320895,1.7E-4
8179.32019,11.87317410,1.8E-4
8179.36218,11.87320963,1.7E-4
8179.40417,11.87315307,1.7E-4
8179.44617,11.87324868,1.9E-4
8179.48816,11.87321843,1.8E-4
8179.53015,11.87323174,1.6E-4
8179.57214,11.87319682,1.7E-4
8179.61414,11.87323677,1.9E-4
8179.65613,11.87319144,1.8E-4
8179.69812,11.87324771,1.7E-4
8179.74011,11.87324641,1.7E-4
8179.78211,11.87327526,1.7E-4
8179.82410,11.87319713,1.7E-4
8179.86609,11.87321189,1.8E-4
8179.90808,11.87325766,1.8E-4
8179.95007,11.87321777,1.9E-4
8179.96951,11.87320700,1.8E-4
8179.99207,11.87322923,1.9E-4
8180.03406,11.87326272,1.6E-4
8180.07605,11.87325630,1.7E-4
8346.90766,11.87322737,1.7E-4
8370.71661,11.87343589,1.9E-4
8370.73175,11.87344992,1.6E-4
8370.74689,11.87344059,1.6E-4
8370.76203,11.87341762,1.7E-4
8370.77717,11.87341490,1.7E-4
8370.79231,11.87340797,1.7E-4
8370.80745,11.87342708,1.7E-4
8370.82259,11.87342608,1.7E-4
8370.83773,11.87340802,1.9E-4
8370.85287,11.87346689,1.9E-4
8370.86801,11.87345091,1.9E-4
8370.88315,11.87341605,1.7E-4
8370.89829,11.87343865,1.7E-4
8370.91343,11.87345732,1.9E-4
8370.92857,11.87340040,1.6E-4
8370.94371,11.87343848,1.6E-4
8370.95885,11.87345709,1.7E-4
8370.97399,11.87340188,1.6E-4
8370.98913,11.87347097,1.6E-4
8371.00427,11.87343279,1.6E-4
8371.01941,11.87345564,1.6E-4
8371.03455,11.87344348,1.9E-4
8371.04969,11.87339386,1.8E-4
8371.06483,11.87342988,1.9E-4
8371.07996,11.87344065,1.7E-4
8371.09510,11.87345944,1.9E-4
8371.11024,11.87337245,1.7E-4
8371.12538,11.87340793,1.8E-4
8371.14052,11.87343754,1.7E-4
8371.15566,11.87342849,1.7E-4
8371.17080,11.87342946,1.9E-4
8371.18594,11.87342210,1.8E-4
8371.20108,11.87340875,1.7E-4
8371.21622,11.87346627,1.6E-4
8371.23136,11.87338618,1.9E-4
8371.24650,11.87346465,1.9E-4
8371.26164,11.87347421,1.7E-4
8371.27678,11.87344943,1.6E-4
8371.29192,11.87341844,1.9E-4
8371.30706,11.87342547,1.6E-4
8371.32220,11.87345150,1.9E-4
8371.33734,11.87342587,1.8E-4
8371.35248,11.87338595,1.7E-4
8371.36762,11.87343797,1.9E-4
8371.38276,11.87346637,1.6E-4
8371.39790,11.87342353,1.6E-4
8371.41304,11.87344783,1.9E-4
8371.42818,11.87341791,1.8E-4
8371.44332,11.87337522,1.7E-4
8371.45846,11.87341472,1.6E-4
8371.47360,11.87343997,1.8E-4
8371.48874,11.87343357,1.9E-4
8371.50388,11.87339126,1.9E-4
8371.51902,11.87347438,1.7E-4
8371.53416,11.87348502,1.8E-4
8371.54930,11.87338321,1.9E-4
8371.56444,11.87336760,1.9E-4
8371.57958,11.87346456,1.7E-4
8371.59472,11.87339123,1.9E-4
8371.60986,11.87344362,1.8E-4
8371.62500,11.87345867,1.9E-4
8371.64014,11.87339404,1.7E-4
8371.65528,11.87344225,1.8E-4
8371.67042,11.87344421,1.8E-4
8371.68556,11.87340247,1.7E-4
8371.70070,11.87341541,1.7E-4
8371.71584,11.87336950,1.7E-4
8371.73098,11.87337973,1.6E-4
8371.74612,11.87342841,1.8E-4
8371.76126,11.87342394,1.7E-4
8371.77640,11.87344054,1.7E-4
8371.79154,11.87341873,1.7E-4
8371.80668,11.87343850,1.6E-4
8371.82182,11.87336525,1.8E-4
8371.83696,11.87345029,2.0E-4
8371.85210,11.87341563,1.9E-4
8371.86724,11.87342872,1.7E-4
8371.88238,11.87344339,1.8E-4
8371.89752,11.87340321,1.9E-4
8371.91266,11.87346163,1.8E-4
8371.92780,11.87340137,1.6E-4
8371.94294,11.87338523,1.8E-4
8371.95808,11.87343479,1.9E-4
8371.97322,11.87340273,1.9E-4
8371.98836,11.87346323,1.8E-4
8372.00350,11.87335400,1.8E-4
8372.01864,11.87342864,1.7E-4
8372.03378,11.87343657,1.6E-4
8372.04892,11.87338807,1.7E-4
8372.06406,11.87341281,1.8E-4
8372.07920,11.87336359,1.9E-4
8372.09434,11.87342735,1.7E-4
8372.10948,11.87339616,1.9E-4
8372.12462,11.87335561,1.8E-4
8372.13976,11.87342384,1.6E-4
8372.15489,11.87343937,1.7E-4
8372.17003,11.87346550,1.8E-4
8372.18517,11.87343277,1.7E-4
8372.20031,11.87339861,1.6E-4
8372.21545,11.87340882,1.7E-4
8372.23059,11.87338060,1.6E-4
8372.24573,11.87348061,1.7E-4
8372.26087,11.87345793,1.8E-4
8372.27601,11.87338692,1.6E-4
8372.29115,11.87339286,1.6E-4
8372.30629,11.87338677,1.9E-4
8372.32143,11.87344169,1.8E-4
8372.33657,11.87341647,1.6E-4
8372.35171,11.87339316,1.8E-4
8372.36685,11.87342749,1.9E-4
8372.38199,11.87344689,1.8E-4
8372.39713,11.87343423,1.9E-4
8372.41227,11.87341514,1.9E-4
8372.42741,11.87342448,1.8E-4
8372.44255,11.87346842,1.8E-4
8372.45769,11.87335019,1.7E-4
8372.47283,11.87341054,1.9E-4
8372.48797,11.87339391,1.8E-4
8372.50311,11.87336082,1.7E-4
8372.51825,11.87348580,1.6E-4
8513.84581,11.87340209,1.6E-4
8592.08558,11.87263876,1.7E-4
8592.09337,11.87265766,1.9E-4
8592.10115,11.87265216,1.6E-4
8592.10893,11.87267402,1.8E-4
8592.11672,11.87263333,1.8E-4
8592.12450,11.87268180,1.7E-4
8592.13228,11.87263234,1.6E-4
8592.14007,11.87265628,1.8E-4
8592.14785,11.87265407,1.7E-4
8592.15563,11.87265417,1.6E-4
8592.16341,11.87267129,1.7E-4
8592.17120,11.87268280,1.9E-4
8592.17898,11.87263649,1.6E-4
8592.18676,11.87256901,1.9E-4
8592.19455,11.87263213,1.6E-4
8592.20233,11.87260841,1.7E-4
8592.21011,11.87264963,1.7E-4
8592.21790,11.87262782,1.7E-4
8592.22568,11.87264765,1.6E-4
8592.23346,11.87267024,1.8E-4
8592.24125,11.87261980,1.8E-4
8592.24903,11.87264622,1.9E-4
8592.25681,11.87264686,1.9E-4
8592.26460,11.87263843,1.9E-4
8592.27238,11.87264277,1.8E-4
8592.28016,11.87263636,1.9E-4
8592.28795,11.87265458,1.6E-4
8592.29573,11.87266118,1.8E-4
8592.30351,11.87260482,1.8E-4
8592.31130,11.87258465,1.6E-4
8592.31908,11.87261875,1.9E-4
8592.32686,11.87259504,1.9E-4
8592.33464,11.87261433,1.6E-4
8592.34243,11.87263152,1.6E-4
8592.35021,11.87259609,1.9E-4
8592.35799,11.87260950,1.8E-4
8592.36578,11.87262118,1.6E-4
8592.37356,11.87260859,1.7E-4
8592.38134,11.87256671,1.6E-4
8592.38913,11.87261233,1.7E-4
8592.39691,11.87264967,1.9E-4
8592.40469,11.87260933,1.6E-4
8592.41248,11.87265952,1.7E-4
8592.42026,11.87268810,1.7E-4
8592.42804,11.87260887,1.9E-4
8592.43583,11.87269019,1.9E-4
8592.44361,11.87269107,1.7E-4
8592.45139,11.87263429,1.6E-4
8592.45918,11.87261274,1.9E-4
8592.46696,11.87261948,1.7E-4
8592.47474,11.87269314,1.9E-4
8592.48253,11.87261935,1.7E-4
8592.49031,11.87261088,1.6E-4
8592.49809,11.87261810,1.6E-4
8592.50587,11.87259769,1.6E-4
8592.51366,11.87256704,1.7E-4
8592.52144,11.87269489,1.8E-4
8592.52922,11.87265319,1.9E-4
8592.53701,11.87264774,1.8E-4
8592.54479,11.87264303,1.8E-4
8592.55257,11.87265387,1.7E-4
8592.56036,11.87267761,1.7E-4
8592.56814,11.87270882,1.6E-4
8592.57592,11.87263219,1.7E-4
8592.58371,11.87268952,1.8E-4
8592.59149,11.87266546,1.7E-4
8592.59927,11.87270331,1.8E-4
8592.60706,11.87263282,1.9E-4
8592.61484,11.87267262,1.8E-4
8592.62262,11.87259057,1.8E-4
8592.63041,11.87265866,1.8E-4
8592.63819,11.87265598,1.6E-4
8592.64597,11.87270333,1.8E-4
8592.65376,11.87273365,1.7E-4
8592.66154,11.87262931,1.6E-4
8592.66932,11.87270858,1.7E-4
8592.67710,11.87265170,1.6E-4
8592.68489,11.87270160,1.8E-4
8592.69267,11.87273099,1.8E-4
8592.70045,11.87272093,1.7E-4
8680.78396,11.87338147,1.7E-4
8847.72212,11.87324588,1.7E-4
9014.66027,11.87351315,1.9E-4
9181.59842,11.87323253,1.9E-4
9312.26904,11.87329491,1.8E-4
9312.28418,11.87315761,1.9E-4
9312.29932,11.87322407,1.8E-4
9312.31446,11.87320986,1.7E-4
9312.32960,11.87320937,1.9E-4
9312.34474,11.87326742,1.8E-4
9312.35988,11.87326026,1.8E-4
9312.37502,11.87323768,1.7E-4
9312.39016,11.87317203,1.9E-4
9312.40530,11.87325548,1.6E-4
9312.42044,11.87317603,1.7E-4
9312.43558,11.87320952,1.9E-4
9312.45072,11.87324704,1.6E-4
9312.46586,11.87325478,1.8E-4
9312.48100,11.87326109,1.6E-4
9312.49614,11.87322573,1.6E-4
9312.51128,11.87322405,1.6E-4
9312.52642,11.87329371,1.9E-4
9312.54156,11.87318840,1.6E-4
9312.55670,11.87322746,1.7E-4
9312.57184,11.87326224,1.9E-4
9312.58698,11.87325837,1.8E-4
9312.60212,11.87324787,1.8E-4
9312.61726,11.87317747,1.9E-4
9312.63240,11.87318778,1.9E-4
9312.64754,11.87322859,1.9E-4
9312.66268,11.87319187,1.9E-4
9312.67782,11.87317322,1.7E-4
9312.69296,11.87323073,1.8E-4
9312.70810,11.87325351,1.8E-4
9312.72324,11.87323008,1.9E-4
9312.73838,11.87319931,1.8E-4
9312.75352,11.87317422,1.8E-4
9312.76866,11.87316360,1.8E-4
9312.78380,11.87321439,1.9E-4
9312.79894,11.87320224,1.9E-4
9312.81408,11.87310656,1.9E-4
9312.82922,11.87322457,1.8E-4
9312.84436,11.87318166,1.9E-4
9312.85950,11.87317329,1.8E-4
9312.87464,11.87320127,1.8E-4
9312.88978,11.87313745,1.8E-4
9312.90492,11.87319296,1.6E-4
9312.92006,11.87323035,1.7E-4
9312.93519,11.87315742,1.6E-4
9312.95033,11.87319389,1.6E-4
9312.96547,11.87320551,1.9E-4
9312.98061,11.87315567,1.7E-4
9312.99575,11.87324134,1.7E-4
9313.01089,11.87313646,1.8E-4
9313.02603,11.87312971,1.9E-4
9313.04117,11.87318967,1.8E-4
9313.05631,11.87318614,1.6E-4
9313.07145,11.87318472,1.9E-4
9313.08659,11.87319009,1.6E-4
9313.10173,11.87317362,1.6E-4
9313.11687,11.87323613,1.9E-4
9313.13201,11.87314339,1.8E-4
9313.14715,11.87318886,1.6E-4
9313.16229,11.87314704,1.8E-4
9313.17743,11.87323033,1.8E-4
9313.19257,11.87316154,1.7E-4
9313.20771,11.87319855,1.8E-4
9313.22285,11.87321297,1.6E-4
9313.23799,11.87312988,1.6E-4
9313.25313,11.87311584,1.6E-4
9313.26827,11.87313339,1.7E-4
9313.28341,11.87317535,1.8E-4
9313.29855,11.87320385,1.8E-4
9313.31369,11.87320815,1.9E-4
9313.32883,11.87320072,1.6E-4
9313.34397,11.87317663,1.7E-4
9313.35911,11.87319599,2.0E-4
9313.37425,11.87314876,1.6E-4
9313.38939,11.87313171,1.6E-4
9313.40453,11.87316462,1.8E-4
9313.41967,11.87319899,1.9E-4
9313.43481,11.87316272,1.9E-4
9313.44995,11.87310567,1.8E-4
9313.46509,11.87315757,1.8E-4
9313.48023,11.87314487,1.6E-4
9313.49537,11.87314685,1.7E-4
9313.51051,11.87315881,1.9E-4
9313.52565,11.87316351,1.6E-4
9313.54079,11.87310899,1.8E-4
9313.55593,11.87315797,1.9E-4
9313.57107,11.87318271,1.7E-4
9313.58621,11.87312327,1.7E-4
9313.60135,11.87309380,1.8E-4
9313.61649,11.87316758,1.6E-4
9313.63163,11.87313524,1.8E-4
9313.64677,11.87313933,1.9E-4
9313.66191,11.87319481,1.6E-4
9313.67705,11.87313240,1.6E-4
9313.69219,11.87313337,1.7E-4
9313.70733,11.87313691,1.8E-4
9313.72247,11.87312874,1.9E-4
9313.73761,11.87313712,2.0E-4
9313.75275,11.87306371,1.8E-4
9313.76789,11.87318010,1.9E-4
9313.78303,11.87310726,1.6E-4
9313.79817,11.87312595,1.7E-4
9313.81331,11.87318186,1.6E-4
9313.82845,11.87316079,1.8E-4
9313.84359,11.87316806,1.8E-4
9313.85873,11.87311710,1.8E-4
9313.87387,11.87308754,1.8E-4
9313.88901,11.87309663,2.0E-4
9313.90415,11.87312504,1.6E-4
9313.91929,11.87313374,1.7E-4
9313.93443,11.87315435,1.7E-4
9313.94957,11.87310383,1.9E-4
9313.96471,11.87310849,1.6E-4
9313.97985,11.87316943,1.8E-4
9313.99499,11.87315359,1.6E-4
9314.01012,11.87311947,1.8E-4
9314.02526,11.87312333,1.7E-4
9314.04040,11.87313067,1.6E-4
9314.05554,11.87306788,1.7E-4
9314.07068,11.87309419,1.8E-4
9337.83270,11.87346616,1.7E-4
9337.84460,11.87344235,1.7E-4
9337.85651,11.87340264,1.7E-4
9337.86841,11.87345271,1.9E-4
9337.88032,11.87342567,1.6E-4
9337.89223,11.87336009,1.7E-4
9337.90413,11.87345479,1.6E-4
9337.91604,11.87340883,1.8E-4
9337.92795,11.87345195,1.9E-4
9337.93985,11.87346443,1.9E-4
9337.95176,11.87346845,1.9E-4
9337.96366,11.87345998,1.9E-4
9337.97557,11.87344831,1.8E-4
9337.98748,11.87344973,1.8E-4
9337.99938,11.87339790,1.6E-4
9338.01129,11.87341283,1.6E-4
9338.02320,11.87343366,1.7E-4
9338.03510,11.87340813,1.7E-4
9338.04701,11.87349073,1.8E-4
9338.05892,11.87337785,1.7E-4
9338.07082,11.87344128,1.7E-4
9338.08273,11.87347417,1.7E-4
9338.09463,11.87347978,1.7E-4
9338.10654,11.87346947,1.7E-4
9338.11845,11.87347780,1.9E-4
9338.13035,11.87345382,1.9E-4
9338.14226,11.87346731,1.8E-4
9338.15417,11.87349901,1.8E-4
9338.16607,11.87341019,1.8E-4
9338.17798,11.87348010,1.9E-4
9338.18988,11.87340832,1.8E-4
9338.20179,11.87350005,1.7E-4
9338.21370,11.87345379,1.6E-4
9338.22560,11.87339406,1.9E-4
9338.23751,11.87347857,1.6E-4
9338.24942,11.87344844,1.7E-4
9338.26132,11.87344562,1.9E-4
9338.27323,11.87343846,1.6E-4
9338.28513,11.87342877,1.6E-4
9338.29704,11.87340283,1.9E-4
9338.30895,11.87339450,1.6E-4
9338.32085,11.87346577,1.6E-4
9338.33276,11.87341877,1.6E-4
9338.34467,11.87347969,1.6E-4
9338.35657,11.87345663,1.7E-4
9338.36848,11.87340244,1.9E-4
9338.38038,11.87347754,1.7E-4
9338.39229,11.87349498,1.9E-4
9338.40420,11.87349218,1.6E-4
9338.41610,11.87347832,1.9E-4
9338.42801,11.87342612,1.6E-4
9338.43992,11.87343670,1.9E-4
9338.45182,11.87343635,1.8E-4
9338.46373,11.87347721,1.7E-4
9338.47563,11.87350098,1.8E-4
9338.48754,11.87348449,1.6E-4
9338.49945,11.87350978,1.7E-4
9338.51135,11.87345818,1.9E-4
9338.52326,11.87349738,1.7E-4
9338.53517,11.87346796,1.7E-4
9338.54707,11.87341288,1.9E-4
9338.55898,11.87347133,1.6E-4
9338.57089,11.87347130,1.8E-4
9338.58279,11.87347788,1.9E-4
9338.59470,11.87345867,1.6E-4
9338.60660,11.87346266,1.9E-4
9338.61851,11.87346098,1.6E-4
9338.63042,11.87342884,1.9E-4
9338.64232,11.87345136,1.8E-4
9338.65423,11.87347077,1.8E-4
9338.66614,11.87348156,1.7E-4
9338.67804,11.87346134,1.8E-4
9338.68995,11.87344151,1.6E-4
9338.70185,11.87339257,1.6E-4
9338.71376,11.87344917,1.9E-4
9338.72567,11.87350017,1.9E-4
9338.73757,11.87346212,1.8E-4
9338.74948,11.87350424,1.9E-4
9338.76139,11.87346667,1.6E-4
9338.77329,11.87350477,1.7E-4
9348.53658,11.87327067,1.7E-4
9515.47473,11.87343927,1.9E-4
9645.13104,11.87332594,1.8E-4
9645.14486,11.87332636,1.7E-4
9645.15867,11.87331823,1.7E-4
9645.17248,11.87331515,1.7E-4
9645.18629,11.87322437,1.8E-4
9645.20010,11.87338598,1.8E-4
9645.21391,11.87331008,1.8E-4
9645.22772,11.87331097,1.6E-4
9645.24154,11.87335951,1.9E-4
9645.25535,11.87329409,1.9E-4
9645.26916,11.87330080,1.9E-4
9645.28297,11.87331670,1.6E-4
9645.29678,11.87328160,1.9E-4
9645.31059,11.87329600,1.7E-4
9645.32440,11.87323820,1.9E-4
9645.33822,11.87331293,1.6E-4
9645.35203,11.87330474,1.8E-4
9645.36584,11.87332159,1.8E-4
9645.37965,11.87333232,1.9E-4
9645.39346,11.87334962,1.9E-4
9645.40727,11.87338813,1.9E-4
9645.42108,11.87335286,1.9E-4
9645.43490,11.87333907,1.9E-4
9645.44871,11.87331712,1.6E-4
9645.46252,11.87334111,1.7E-4
9645.47633,11.87324468,1.7E-4
9645.49014,11.87327627,1.6E-4
9645.50395,11.87332553,1.7E-4
9645.51776,11.87335040,1.6E-4
9645.53157,11.87330757,1.9E-4
9645.54539,11.87333873,1.9E-4
9645.55920,11.87333873,1.8E-4
9645.57301,11.87332714,1.8E-4
9645.58682,11.87335622,1.9E-4
9645.60063,11.87332465,1.6E-4
9645.61444,11.87329834,1.9E-4
9645.62825,11.87332376,1.9E-4
9645.64207,11.87333010,1.7E-4
9645.65588,11.87332087,1.6E-4
9645.66969,11.87334135,1.7E-4
9645.68350,11.87335019,1.6E-4
9645.69731,11.87338219,1.9E-4
9645.71112,11.87335189,1.6E-4
9645.72493,11.87334500,1.7E-4
9645.73875,11.87329642,1.8E-4
9645.75256,11.87329120,1.6E-4
9645.76637,11.87330117,1.9E-4
9645.78018,11.87328165,1.8E-4
9645.79399,11.87334979,1.6E-4
9645.80780,11.87339106,1.8E-4
9645.82161,11.87332614,1.8E-4
9645.83543,11.87332791,1.8E-4
9645.84924,11.87331889,1.8E-4
9645.86305,11.87332759,1.8E-4
9645.87686,11.87334430,1.8E-4
9645.89067,11.87330655,1.8E-4
9645.90448,11.87330333,1.9E-4
9645.91829,11.87335671,1.7E-4
9645.93210,11.87329579,1.7E-4
9645.94592,11.87328878,1.6E-4
9645.95973,11.87337758,1.7E-4
9645.97354,11.87332680,1.8E-4
9645.98735,11.87330702,1.8E-4
9646.00116,11.87332958,1.9E-4
9646.01497,11.87332932,1.8E-4
9646.02878,11.87329131,1.7E-4
9646.04260,11.87336521,1.9E-4
9646.05641,11.87336991,1.9E-4
9646.07022,11.87335401,1.8E-4
9646.08403,11.87334514,1.6E-4
9646.09784,11.87337722,1.8E-4
9646.11165,11.87331262,1.9E-4
9646.12546,11.87333987,1.7E-4
9646.13928,11.87334729,1.7E-4
9646.15309,11.87332979,1.8E-4
9646.16690,11.87331889,1.9E-4
9646.18071,11.87334445,1.8E-4
9646.19452,11.87328463,1.6E-4
9646.20833,11.87329238,1.9E-4
9646.22214,11.87332290,1.7E-4
9682.41288,11.87327390,1.8E-4
9849.35104,11.87339098,1.7E-4
10016.28919,11.87322488,1.7E-4
10024.85684,11.87257156,1.6E-4
10024.86619,11.87257964,1.9E-4
10024.87555,11.87258891,1.9E-4
10024.88491,11.87257614,1.8E-4
10024.89427,11.87250735,1.9E-4
10024.90362,11.87255085,1.9E-4
10024.91298,11.87252559,1.6E-4
10024.92234,11.87251546,1.7E-4
10024.93170,11.87248695,1.8E-4
10024.94106,11.87249606,1.6E-4
10024.95041,11.87251642,1.9E-4
10024.95977,11.87251356,1.7E-4
10024.96913,11.87246723,1.8E-4
10024.97849,11.87253206,1.7E-4
10024.98784,11.87256052,1.9E-4
10024.99720,11.87251165,1.9E-4
10025.00656,11.87247357,1.8E-4
10025.01592,11.87256420,1.8E-4
10025.02527,11.87248489,1.9E-4
10025.03463,11.87252082,1.7E-4
10025.04399,11.87252278,1.9E-4
10025.05335,11.87252748,1.8E-4
10025.06271,11.87255145,1.8E-4
10025.07206,11.87246983,1.8E-4
10025.08142,11.87248884,1.9E-4
10025.09078,11.87245564,1.6E-4
10025.10014,11.87247395,1.8E-4
10025.10949,11.87246305,1.9E-4
10025.11885,11.87250712,1.9E-4
10025.12821,11.87247801,1.7E-4
10025.13757,11.87251629,1.7E-4
10025.14692,11.87252035,1.8E-4
10025.15628,11.87245849,1.6E-4
10025.16564,11.87242472,1.8E-4
10025.17500,11.87246491,1.9E-4
10025.18436,11.87249078,1.6E-4
10025.19371,11.87242711,1.8E-4
10025.20307,11.87249008,1.6E-4
10025.21243,11.87248750,1.9E-4
10025.22179,11.87243629,1.9E-4
10025.23114,11.87246135,1.8E-4
10025.24050,11.87247355,1.6E-4
10025.24986,11.87242642,1.9E-4
10025.25922,11.87249615,1.8E-4
10025.26857,11.87253469,1.9E-4
10025.27793,11.87249230,1.6E-4
10025.28729,11.87248414,1.8E-4
10025.29665,11.87248982,1.6E-4
10025.30601,11.87255045,1.8E-4
10025.31536,11.87251909,1.7E-4
10025.32472,11.87251778,1.9E-4
10025.33408,11.87250392,1.9E-4
10025.34344,11.87251017,1.7E-4
10025.35279,11.87246972,1.7E-4
10025.36215,11.87243920,1.8E-4
10025.37151,11.87254454,1.6E-4
10025.38087,11.87251143,1.9E-4
10025.39022,11.87248636,1.7E-4
10025.39958,11.87256801,1.8E-4
10025.40894,11.87242171,1.9E-4
10025.41830,11.87250234,1.8E-4
10025.42766,11.87248104,1.9E-4
10025.43701,11.87251120,1.9E-4
10025.44637,11.87253648,1.6E-4
10025.45573,11.87248666,1.6E-4
10025.46509,11.87248058,1.6E-4
10025.47444,11.87249962,1.8E-4
10025.48380,11.87253242,1.8E-4
10025.49316,11.87256464,1.7E-4
10025.50252,11.87248461,1.6E-4
10025.51187,11.87249869,1.6E-4
10025.52123,11.87251148,1.9E-4
10025.53059,11.87252413,1.8E-4
10025.53995,11.87256040,1.9E-4
10025.54931,11.87252467,1.9E-4
10025.55866,11.87251947,1.6E-4
10025.56802,11.87251757,1.8E-4
10025.57738,11.87256299,1.7E-4
10025.58674,11.87255187,1.7E-4
10025.59609,11.87252857,1.7E-4
10183.22734,11.87219687,1.7E-4
10350.16550,11.87330212,1.6E-4
10517.10365,11.87328155,1.8E-4
10684.04180,11.87327281,1.7E-4
10770.97617,11.87337613,1.8E-4
10770.98611,11.87335181,1.8E-4
10770.99605,11.87336485,1.6E-4
10771.00599,11.87337665,1.6E-4
10771.01593,11.87333691,1.9E-4
10771.02588,11.87341339,1.8E-4
10771.03582,11.87335012,1.7E-4
10771.04576,11.87332731,1.8E-4
10771.05570,11.87342161,1.7E-4
10771.06564,11.87337018,1.9E-4
10771.07558,11.87333218,1.8E-4
10771.08552,11.87335075,1.9E-4
10771.09546,11.87340048,1.8E-4
10771.10540,11.87339642,1.9E-4
10771.11534,11.87335765,1.7E-4
10771.12528,11.87333208,1.7E-4
10771.13522,11.87341140,1.6E-4
10771.14517,11.87338239,1.8E-4
10771.15511,11.87329513,1.9E-4
10771.16505,11.87339657,1.9E-4
10771.17499,11.87338589,1.9E-4
10771.18493,11.87336127,1.9E-4
10771.19487,11.87341524,1.6E-4
10771.20481,11.87338421,1.8E-4
10771.21475,11.87333254,1.9E-4
10771.22469,11.87333135,1.7E-4
10771.23463,11.87335488,1.6E-4
10771.24457,11.87342129,1.9E-4
10771.25451,11.87332202,1.9E-4
10771.26446,11.87338225,1.8E-4
10771.27440,11.87340441,1.7E-4
10771.28434,11.87332243,1.9E-4
10771.29428,11.87333864,1.6E-4
10771.30422,11.87336244,1.7E-4
10771.31416,11.87329204,1.9E-4
10771.32410,11.87334332,1.6E-4
10771.33404,11.87341074,1.9E-4
10771.34398,11.87339912,1.7E-4
10771.35392,11.87336343,1.9E-4
10771.36386,11.87338454,1.9E-4
10771.37380,11.87337130,1.9E-4
10771.38375,11.87337041,1.7E-4
10771.39369,11.87339286,1.6E-4
10771.40363,11.87338633,1.8E-4
10771.41357,11.87337724,1.8E-4
10771.42351,11.87338090,1.7E-4
10771.43345,11.87338954,1.6E-4
10771.44339,11.87336477,1.6E-4
10771.45333,11.87331489,1.9E-4
10771.46327,11.87335856,1.6E-4
10771.47321,11.87340584,1.8E-4
10771.48315,11.87335508,1.8E-4
10771.49309,11.87338617,1.9E-4
10771.50304,11.87338359,1.6E-4
10771.51298,11.87330460,1.9E-4
10771.52292,11.87339019,1.8E-4
10771.53286,11.87335447,1.7E-4
10771.54280,11.87343417,1.7E-4
10771.55274,11.87336107,1.7E-4
10771.56268,11.87337389,1.9E-4
10771.57262,11.87333881,1.9E-4
10771.58256,11.87336909,1.7E-4
10771.59250,11.87336875,1.9E-4
10771.60244,11.87342371,1.9E-4
10771.61238,11.87337847,1.6E-4
10771.62233,11.87339820,1.9E-4
10771.63227,11.87340521,1.9E-4
10771.64221,11.87336017,1.8E-4
10771.65215,11.87335424,1.9E-4
10771.66209,11.87337502,1.8E-4
10771.67203,11.87338582,1.7E-4
10771.68197,11.87337669,1.7E-4
10771.69191,11.87337361,1.6E-4
10771.70185,11.87336689,1.7E-4
10771.71179,11.87336844,1.7E-4
10771.72173,11.87325853,1.9E-4
10771.73167,11.87339773,1.9E-4
10771.74162,11.87338775,1.7E-4
10771.75156,11.87342194,1.6E-4
10771.76150,11.87332897,1.8E-4
10850.97996,11.87326045,1.6E-4
11017.91811,11.87343424,1.6E-4
11184.85626,11.87328570,1.7E-4
11351.79442,11.87269520,1.6E-4
11386.30334,11.83122181,1.9E-4
11386.31479,11.83095428,1.6E-4
11386.32623,11.83057553,1.8E-4
11386.33768,11.83026213,1.8E-4
11386.34912,11.83000889,1.8E-4
11386.36057,11.82972327,1.7E-4
11386.37201,11.82939705,1.8E-4
11386.38346,11.82909845,1.6E-4
11386.39490,11.82890084,1.8E-4
11386.40635,11.82863442,1.8E-4
11386.41779,11.82840215,1.9E-4
11386.42924,11.82816669,1.9E-4
11386.44068,11.82797969,1.9E-4
11386.45213,11.82781928,1.9E-4
11386.46357,11.82761125,1.9E-4
11386.47502,11.82741894,1.9E-4
11386.48646,11.82724854,1.7E-4
11386.49791,11.82706863,1.8E-4
11386.50935,11.82695469,1.9E-4
11386.52080,11.82678052,1.8E-4
11386.53224,11.82659146,1.7E-4
11386.54369,11.82652063,1.9E-4
11386.55513,11.82638918,1.9E-4
11386.56658,11.82626600,1.9E-4
11386.57802,11.82621042,1.7E-4
11386.58947,11.82609263,1.8E-4
11386.60091,11.82593721,1.7E-4
11386.61236,11.82589556,1.8E-4
11386.62380,11.82579997,1.8E-4
11386.63525,11.82568162,1.7E-4
11386.64669,11.82557937,1.6E-4
11386.65814,11.82556597,1.7E-4
11386.66958,11.82548145,1.6E-4
11386.68103,11.82541818,1.8E-4
11386.69247,11.82541976,1.8E-4
11386.70392,11.82527133,1.6E-4
11386.71536,11.82525337,1.7E-4
11386.72681,11.82526952,1.7E-4
11386.73825,11.82525267,1.9E-4
11386.74970,11.82516627,1.8E-4
11386.76114,11.82523799,1.6E-4
11386.77259,11.82514577,1.8E-4
11386.78403,11.82521358,1.6E-4
11386.79548,11.82519299,1.8E-4
11386.80692,11.82515146,1.8E-4
11386.81837,11.82519899,1.7E-4
11386.82981,11.82518007,1.7E-4
11386.84126,11.82516933,1.7E-4
11386.85270,11.82520524,1.8E-4
11386.86415,11.82527500,1.6E-4
11386.87559,11.82531348,1.7E-4
11386.88704,11.82535345,1.9E-4
11386.89848,11.82530166,1.8E-4
11386.90993,11.82547970,1.9E-4
11386.92137,11.82547540,1.8E-4
11386.93282,11.82551577,1.8E-4
11386.94427,11.82559476,1.7E-4
11386.95571,11.82565426,1.9E-4
11386.96716,11.82568105,1.9E-4
11386.97860,11.82580475,1.9E-4
11386.99005,11.82596048,1.7E-4
11387.00149,11.82600962,1.8E-4
11387.01294,11.82609165,1.9E-4
11387.02438,11.82623275,1.9E-4
11387.03583,11.82634491,1.7E-4
11387.04727,11.82646290,1.6E-4
11387.05872,11.82660671,1.7E-4
11387.07016,11.82672180,1.6E-4
11387.08161,11.82685150,1.6E-4
11387.09305,11.82703683,1.6E-4
11387.10450,11.82718788,1.6E-4
11387.11594,11.82733582,1.8E-4
11387.12739,11.82748269,1.9E-4
11387.13883,11.82775442,1.8E-4
11387.15028,11.82790305,1.7E-4
11387.16172,11.82808489,1.9E-4
11387.17317,11.82828887,1.9E-4
11387.18461,11.82850888,1.8E-4
11387.19606,11.82875833,2.0E-4
11387.20750,11.82902525,1.7E-4
11457.04746,11.87335914,1.8E-4
11457.07787,11.87332625,1.8E-4
11457.10828,11.87330764,1.9E-4
11457.13869,11.87326034,1.7E-4
11457.16909,11.87333936,1.7E-4
11457.19950,11.87329445,1.7E-4
11457.22991,11.87333194,1.6E-4
11457.26032,11.87332078,1.7E-4
11457.29072,11.87326688,1.9E-4
11457.32113,11.87333785,1.9E-4
11457.35154,11.87326797,1.7E-4
11457.38195,11.87330258,2.0E-4
11457.41235,11.87331513,1.8E-4
11457.44276,11.87331298,1.8E-4
11457.47317,11.87328135,1.7E-4
11457.50357,11.87330815,1.7E-4
11457.53398,11.87335064,1.8E-4
11457.56439,11.87325982,1.9E-4
11457.59480,11.87332808,1.6E-4
11457.62520,11.87328114,1.6E-4
11457.65561,11.87311955,1.7E-4
11457.68602,11.87293691,1.9E-4
11457.71643,11.87282246,1.8E-4
11457.74683,11.87280292,1.7E-4
11457.77724,11.87274118,1.6E-4
11457.80765,11.87269377,1.7E-4
11457.83806,11.87266051,1.6E-4
11457.86846,11.87268514,1.8E-4
11457.89887,11.87269068,1.6E-4
11457.92928,11.87267811,1.6E-4
11457.95969,11.87265664,1.8E-4
11457.99009,11.87265320,1.7E-4
11458.02050,11.87258851,1.8E-4
11458.05091,11.87260498,1.6E-4
11458.08132,11.87258248,1.6E-4
11458.11172,11.87263868,1.9E-4
11458.14213,11.87265683,1.6E-4
11458.17254,11.87259882,1.6E-4
11458.20295,11.87261087,1.7E-4
11458.23335,11.87257753,1.9E-4
11458.26376,11.87260206,1.6E-4
11458.29417,11.87259740,1.7E-4
11458.32458,11.87258913,1.7E-4
11458.35498,11.87260746,1.9E-4
11458.38539,11.87255838,1.7E-4
11458.41580,11.87263099,1.6E-4
11458.44621,11.87257804,1.9E-4
11458.47661,11.87259786,1.8E-4
11458.50702,11.87262587,1.8E-4
11458.53743,11.87267159,1.8E-4
11458.56784,11.87259988,1.8E-4
11458.59824,11.87263165,1.7E-4
11458.62865,11.87266362,1.8E-4
11458.65906,11.87268982,1.9E-4
11458.68947,11.87272740,1.8E-4
11458.71987,11.87276462,1.9E-4
11458.75028,11.87276428,1.7E-4
11458.78069,11.87290554,1.9E-4
11458.81110,11.87288006,1.9E-4
11458.84150,11.87311475,1.6E-4
11458.87191,11.87332487,1.6E-4
11458.90232,11.87329146,1.6E-4
11458.93273,11.87333361,1.6E-4
11458.96313,11.87329682,1.9E-4
11458.99354,11.87332762,1.9E-4
11459.02395,11.87329034,1.8E-4
11459.05436,11.87326287,1.8E-4
11459.08476,11.87333594,1.7E-4
11459.11517,11.87329821,1.7E-4
11459.14558,11.87335718,1.6E-4
11459.17599,11.87330916,1.9E-4
11459.20639,11.87331869,1.6E-4
11459.23680,11.87328986,1.8E-4
11459.26721,11.87325527,1.9E-4
11459.29762,11.87326620,1.9E-4
11459.32802,11.87324325,1.8E-4
11459.35843,11.87333867,1.8E-4
11459.38884,11.87328510,1.8E-4
11459.41925,11.87328448,1.6E-4
11459.44965,11.87330848,1.7E-4
11518.73257,11.87335043,1.7E-4
11685.67072,11.87329684,1.7E-4
11852.60887,11.87308018,1.6E-4
12019.54703,11.87339834,1.8E-4
12186.48518,11.87355766,1.6E-4
12353.42333,11.87336849,1.8E-4
12520.36149,11.87328639,1.9E-4
12687.29964,11.87286530,1.8E-4
12853.58679,11.87322725,1.8E-4
12853.59503,11.87318832,1.6E-4
12853.60327,11.87322546,1.7E-4
12853.61151,11.87322133,1.6E-4
12853.61975,11.87322750,1.6E-4
12853.62799,11.87324564,1.6E-4
12853.63623,11.87320664,1.7E-4
12853.64447,11.87325433,1.8E-4
12853.65271,11.87323102,1.7E-4
12853.66095,11.87324725,1.8E-4
12853.66919,11.87324867,1.9E-4
12853.67743,11.87327405,1.7E-4
12853.68567,11.87316960,1.7E-4
12853.69392,11.87320507,1.7E-4
12853.70216,11.87325030,1.8E-4
12853.71040,11.87319442,1.8E-4
12853.71864,11.87323076,1.8E-4
12853.72688,11.87321072,1.8E-4
12853.73512,11.87317450,1.9E-4
12853.74336,11.87326995,1.7E-4
12853.75160,11.87320475,1.6E-4
12853.75984,11.87325272,1.6E-4
12853.76808,11.87317476,1.8E-4
12853.77632,11.87328202,1.6E-4
12853.78456,11.87326214,1.8E-4
12853.79280,11.87322649,1.8E-4
12853.80104,11.87325258,1.8E-4
12853.80928,11.87319406,1.7E-4
12853.81752,11.87324179,1.7E-4
12853.82576,11.87321652,1.6E-4
12853.83401,11.87322297,1.9E-4
12853.84225,11.87325612,1.9E-4
12853.85049,11.87319212,1.8E-4
12853.85873,11.87321845,1.6E-4
12853.86697,11.87324122,1.7E-4
12853.87521,11.87322649,1.7E-4
12853.88345,11.87323115,1.8E-4
12853.89169,11.87317537,1.9E-4
12853.89993,11.87322246,1.7E-4
12853.90817,11.87321923,1.9E-4
12853.91641,11.87323226,1.8E-4
12853.92465,11.87328646,1.8E-4
12853.93289,11.87327641,1.7E-4
12853.94113,11.87320074,1.9E-4
12853.94937,11.87320050,1.7E-4
12853.95761,11.87322114,1.6E-4
12853.96585,11.87320825,1.9E-4
12853.97410,11.87321806,1.8E-4
12853.98234,11.87328862,1.7E-4
12853.99058,11.87319217,1.8E-4
12853.99882,11.87323661,1.9E-4
12854.00706,11.87322078,1.7E-4
12854.01530,11.87322090,1.7E-4
12854.02354,11.87324171,1.7E-4
12854.03178,11.87319876,1.6E-4
12854.04002,11.87319332,1.9E-4
12854.04826,11.87318173,1.7E-4
12854.05650,11.87320809,1.9E-4
12854.06474,11.87323429,1.9E-4
12854.07298,11.87325817,1.9E-4
12854.08122,11.87324456,1.6E-4
12854.08946,11.87323564,1.8E-4
12854.09770,11.87320715,1.9E-4
12854.10594,11.87316029,1.8E-4
12854.11418,11.87322007,1.8E-4
12854.12243,11.87320224,1.8E-4
12854.13067,11.87315229,1.6E-4
12854.13891,11.87320979,1.7E-4
12854.14715,11.87324976,1.7E-4
12854.15539,11.87326538,1.6E-4
12854.16363,11.87323688,1.7E-4
12854.17187,11.87320798,1.6E-4
12854.18011,11.87318500,1.9E-4
12854.18835,11.87320283,1.7E-4
12854.19659,11.87319321,1.9E-4
12854.20483,11.87322167,1.9E-4
12854.21307,11.87317376,1.8E-4
12854.22131,11.87324151,1.6E-4
12854.22955,11.87318528,1.9E-4
12854.23779,11.87323982,1.9E-4
12854.23779,11.87316862,1.7E-4